"species","selected_developed_low_intensity","probability_developed_low_intensity","selected_developed_high_intensity","probability_developed_high_intensity","selected_barren_land","probability_barren_land","selected_deciduous_forest","probability_deciduous_forest","selected_evergreen_forest","probability_evergreen_forest","selected_mixed_forest","probability_mixed_forest","selected_shrub_scrub","probability_shrub_scrub","selected_grassland_herbaceous","probability_grassland_herbaceous","selected_pasture_hay","probability_pasture_hay","selected_cultivated_crop","probability_cultivated_crop","selected_woody_wetland","probability_woody_wetland","selected_emergent_wetland","probability_emergent_wetland","selected_ocean","probability_ocean","selected_lakes","probability_lakes","selected_rivers","probability_rivers","selected_elevation","probability_elevation","selected_aspect","probability_aspect","selected_slope","probability_slope","selected_precipitation","probability_precipitation","selected_max_temperature","probability_max_temperature"
"Abert's Towhee",37767,0.0558666666666667,1069,0.130633333333333,4128,0.0911333333333333,1069,0.386433333333333,8205,0.0520333333333333,31651,0.0374333333333333,50,0.0539666666666667,13302,0.0520666666666667,50,0.162466666666667,47961,0.0723,50,0.2325,29612,0.131933333333333,10244,0.0342333333333333,4128,0.0556666666666667,10244,0.0487666666666667,50,0.0549,31651,0.0898333333333333,50,0.3639,2000,0.0410666666666667,34000,0.0424666666666667
"Acadian Flycatcher",1069,0.377133333333333,11263,0.0995666666666667,1069,0.181666666666667,50,0.838333333333333,10244,0.0928666666666667,1069,0.330433333333333,31651,0.0393666666666667,2088,0.0834333333333333,50,0.5744,1069,0.179533333333333,50,0.884233333333333,2088,0.0615333333333333,1069,0.0657666666666667,50000,0.0691333333333333,25535,0.0821333333333333,50000,0.0883333333333333,50000,0.0753333333333333,50,0.9007,1000,0.0400666666666667,32000,0.0416
"Acorn Woodpecker",7185,0.154433333333333,5147,0.0970333333333333,11263,0.0907333333333333,50,0.106266666666667,29612,0.0606333333333333,4128,0.1936,50000,0.0711666666666667,50000,0.107666666666667,43883,0.0662333333333333,9224,0.0748333333333333,29612,0.0987333333333333,1069,0.2085,31651,0.1052,9224,0.0642666666666667,3108,0.0755333333333333,21457,0.0495,35728,0.0586333333333333,50,0.729133333333333,1000,0.0672,4000,0.133433333333333
"Alder Flycatcher",37767,0.0814,45922,0.0617333333333333,31651,0.0801333333333333,1069,0.0774333333333333,50,0.5275,3108,0.1704,1069,0.282866666666667,35728,0.0582,50,0.255066666666667,50000,0.0777666666666667,50,0.99,50,0.966433333333333,2088,0.143466666666667,1069,0.6815,27574,0.0459666666666667,50,0.0977,2088,0.0925333333333333,1069,0.106766666666667,1000,0.0693333333333333,50000,0.0776
"Allen's Hummingbird",1069,0.161,50,0.0932,2088,0.246033333333333,1069,0.0768,35728,0.0694666666666667,33690,0.0561666666666667,2088,0.045,47961,0.1207,50,0.332033333333333,50000,0.0621333333333333,19418,0.100533333333333,50000,0.0801666666666667,4128,0.0865,8205,0.1042,8205,0.0466,43883,0.0686666666666667,2088,0.115666666666667,4128,0.133733333333333,34000,0.0347,1000,0.0403
"American Avocet",50,0.177633333333333,1069,0.0574333333333333,6166,0.143433333333333,3108,0.0521666666666667,8205,0.0638,11263,0.0546333333333333,1069,0.0485666666666667,11263,0.0510666666666667,8205,0.102133333333333,2088,0.3478,50,0.0744333333333333,1069,0.205133333333333,25535,0.0365333333333333,50,0.5045,50,0.0431,39806,0.0370666666666667,1069,0.0572,7185,0.0831,20000,0.0352,11000,0.0364666666666667
"American Bittern",47961,0.0434333333333333,50000,0.0400333333333333,8205,0.0381,47961,0.0381,4128,0.0502666666666667,8205,0.0508333333333333,25535,0.0410333333333333,2088,0.0531666666666667,10244,0.0542666666666667,5147,0.0389333333333333,1069,0.127333333333333,1069,0.922666666666667,45922,0.038,50000,0.0470333333333333,50000,0.0834666666666667,1069,0.0402666666666667,1069,0.0424666666666667,7185,0.0385333333333333,1000,0.0404333333333333,40000,0.0351
"American Coot",1069,0.211666666666667,50000,0.0812333333333333,1069,0.3022,4128,0.124133333333333,4128,0.0789333333333333,5147,0.0647666666666667,1069,0.0638333333333333,1069,0.313766666666667,50,0.129533333333333,3108,0.246633333333333,50000,0.0627333333333333,1069,0.9997,37767,0.0473666666666667,50,0.99,50,0.0550333333333333,50000,0.0359666666666667,1069,0.5742,50000,0.0461,6000,0.0387666666666667,4000,0.0372
"American Crow",1069,0.118466666666667,50000,0.1572,50000,0.172233333333333,1069,0.882666666666667,1069,0.925533333333333,50000,0.1866,2088,0.387033333333333,50,0.275966666666667,50,0.187566666666667,50,0.5299,3108,0.109866666666667,50000,0.270133333333333,1069,0.8174,50000,0.193733333333333,6166,0.237966666666667,1069,0.396166666666667,4128,0.123366666666667,50000,0.239733333333333,1000,0.0479666666666667,1000,0.5418
"American Dipper",9224,0.0437,50000,0.0373,50000,0.0459,1069,0.0929333333333333,1069,0.0898333333333333,11263,0.0724,1069,0.044,31651,0.0373666666666667,17380,0.0429666666666667,15340,0.0385666666666667,50,0.182333333333333,1069,0.0379333333333333,21457,0.0353333333333333,3108,0.0440333333333333,4128,0.0362666666666667,50,0.0476,27574,0.0396,1069,0.113433333333333,40000,0.0346333333333333,50000,0.0485333333333333
"American Goldfinch",8205,0.1777,50,0.205566666666667,50,0.102033333333333,1069,0.2044,1069,0.954166666666667,3108,0.0920333333333333,35728,0.0836,1069,0.0752,1069,0.9317,50000,0.0879666666666667,2088,0.351866666666667,3108,0.242766666666667,6166,0.320166666666667,5147,0.1522,50000,0.0964,50,0.203066666666667,9224,0.162633333333333,1069,0.375033333333333,50000,0.1956,3000,0.1064
"American Kestrel",1069,0.2131,50000,0.0533,50,0.0758,50,0.407233333333333,50,0.1523,2088,0.162566666666667,1069,0.2643,1069,0.4506,1069,0.890966666666667,50,0.353033333333333,1069,0.0401,1069,0.0789,50000,0.209066666666667,3108,0.0491666666666667,5147,0.0477333333333333,50000,0.0477666666666667,50000,0.0908333333333333,50000,0.0407333333333333,22000,0.0356666666666667,2000,0.0479666666666667
"American Redstart",1069,0.9178,41845,0.1271,13302,0.0745333333333333,1069,0.999966666666667,50,0.0735333333333333,23496,0.109766666666667,6166,0.0908666666666667,41845,0.0769666666666667,1069,0.4113,1069,0.870633333333333,3108,0.265233333333333,50000,0.1281,33690,0.0622,50000,0.1496,1069,0.934266666666667,50,0.1116,50000,0.0795,50,0.122933333333333,1000,0.151466666666667,50000,0.153766666666667
"American Robin",1069,0.999866666666667,50,0.99,1069,0.578233333333333,5147,0.316,47961,0.1614,50000,0.1525,2088,0.211633333333333,1069,0.998166666666667,50,0.9796,1069,0.4096,1069,0.167933333333333,5147,0.2526,11263,0.0783333333333333,50000,0.1157,50000,0.398933333333333,7185,0.0678666666666667,50000,0.2481,5147,0.1854,1000,0.267566666666667,50000,0.374233333333333
"American White Pelican",1069,0.0738333333333333,50,0.231866666666667,1069,0.0956333333333333,2088,0.248766666666667,23496,0.0638333333333333,2088,0.127766666666667,3108,0.107933333333333,50000,0.0467333333333333,50,0.0634666666666667,35728,0.0689333333333333,13302,0.0808666666666667,1069,0.7771,1069,0.0509,1069,0.997633333333333,1069,0.367066666666667,43883,0.0404666666666667,50,0.3721,50,0.739033333333333,1000,0.0363,50000,0.0668666666666667
"American Wigeon",1069,0.0558666666666667,1069,0.0363,7185,0.0379,4128,0.0384,45922,0.0363333333333333,2088,0.0381,2088,0.0546,1069,0.3211,50,0.0505333333333333,1069,0.0597,50,0.082,1069,0.0871,50000,0.0377666666666667,1069,0.0461666666666667,39806,0.0367333333333333,50000,0.0438666666666667,50000,0.0396666666666667,3108,0.0415,50000,0.0354,1000,0.0390666666666667
"Anhinga",50,0.0697,50000,0.0399,25535,0.0571,29612,0.0374,50,0.134833333333333,43883,0.0369666666666667,2088,0.134133333333333,17380,0.0450333333333333,37767,0.0446,23496,0.0432,1069,0.113,50,0.999166666666667,27574,0.0547333333333333,1069,0.484133333333333,50,0.1069,50,0.0647333333333333,50,0.154366666666667,15340,0.0378666666666667,46000,0.0344333333333333,30000,0.0373333333333333
"Anna's Hummingbird",1069,0.911666666666667,50000,0.4257,1069,0.0938666666666667,50000,0.0942,7185,0.196666666666667,27574,0.0991666666666667,25535,0.103733333333333,7185,0.0558,47961,0.0805333333333333,50,0.1244,50000,0.1887,3108,0.1981,3108,0.119866666666667,43883,0.0902,3108,0.1678,50000,0.0444666666666667,3108,0.137166666666667,1069,0.236433333333333,2000,0.0482666666666667,26000,0.0711333333333333
"Ash-throated Flycatcher",1069,0.3487,1069,0.265233333333333,13302,0.0905666666666667,50000,0.1035,11263,0.0567666666666667,43883,0.1022,50,0.835933333333333,17380,0.0613666666666667,31651,0.0484666666666667,23496,0.0500666666666667,50,0.0825,29612,0.0525,3108,0.0679333333333333,50000,0.1623,47961,0.0645333333333333,47961,0.0448666666666667,13302,0.0825666666666667,4128,0.2103,1000,0.0484,14000,0.0876333333333333
"Bachman's Sparrow",1069,0.0906,3108,0.0492666666666667,50000,0.0604333333333333,1069,0.0372333333333333,4128,0.0778666666666667,2088,0.0898666666666667,25535,0.0833,3108,0.0882,11263,0.0478333333333333,17380,0.0711333333333333,50,0.0926333333333333,11263,0.0533666666666667,27574,0.0377333333333333,7185,0.0713,23496,0.0458,23496,0.0356,19418,0.0399333333333333,50,0.0631666666666667,14000,0.0338666666666667,18000,0.037
"Baltimore Oriole",1069,0.0796333333333333,50,0.922433333333333,50000,0.0686333333333333,1069,0.991966666666667,39806,0.0661,47961,0.152033333333333,31651,0.0719666666666667,50000,0.106266666666667,1069,0.849,5147,0.0800666666666667,50000,0.2,50000,0.233733333333333,45922,0.1209,35728,0.0593666666666667,1069,0.75,15340,0.0407666666666667,4128,0.0661666666666667,50000,0.0489,1000,0.0715333333333333,1000,0.122233333333333
"Band-tailed Pigeon",47961,0.0805,1069,0.538833333333333,43883,0.0753,43883,0.0415,23496,0.0631,1069,0.550633333333333,50,0.0724,17380,0.0881,2088,0.0677333333333333,41845,0.0730333333333333,1069,0.0700333333333333,29612,0.0740333333333333,15340,0.0746333333333333,50,0.131666666666667,43883,0.0897,37767,0.0526333333333333,1069,0.0999333333333333,13302,0.1439,22000,0.0398333333333333,2000,0.0751333333333333
"Bank Swallow",50,0.199533333333333,50,0.0669333333333333,1069,0.9604,50,0.155333333333333,5147,0.0608333333333333,50,0.0925666666666667,5147,0.0615333333333333,50000,0.0589333333333333,1069,0.0529333333333333,3108,0.244366666666667,1069,0.0403666666666667,1069,0.170033333333333,23496,0.0494,50,0.415533333333333,5147,0.162533333333333,2088,0.0395,39806,0.0462666666666667,50,0.294666666666667,8000,0.0386,1000,0.0587666666666667
"Barn Swallow",1069,0.999833333333333,50000,0.2044,1069,0.0795,50,0.99,50,0.99,50,0.99,17380,0.0826,1069,0.107,1069,0.99,1069,0.99,50,0.998666666666667,1069,0.9954,6166,0.129133333333333,50,0.901766666666667,50,0.7122,50000,0.0421666666666667,10244,0.100066666666667,50,0.9425,50000,0.1272,50000,0.0655333333333333
"Bell's Vireo",1069,0.0723333333333333,1069,0.0695,50000,0.0675,3108,0.0571666666666667,5147,0.0571666666666667,37767,0.0426333333333333,37767,0.0913333333333333,50000,0.0531666666666667,50000,0.115033333333333,4128,0.0545666666666667,50,0.146333333333333,1069,0.316566666666667,31651,0.0533666666666667,27574,0.0674,43883,0.0617666666666667,7185,0.0602666666666667,50000,0.0708333333333333,17380,0.0505666666666667,24000,0.0375333333333333,14000,0.0446
"Belted Kingfisher",50,0.0935333333333333,50,0.0432333333333333,50,0.0727,33690,0.0555666666666667,13302,0.0602666666666667,6166,0.0565666666666667,50,0.0471333333333333,1069,0.0721,1069,0.05,3108,0.0764333333333333,1069,0.839633333333333,50,0.952233333333333,1069,0.103366666666667,1069,0.973866666666667,50,0.8371,50000,0.059,50,0.684966666666667,50,0.0933666666666667,1000,0.0506,48000,0.0606333333333333
"Bewick's Wren",50000,0.1591,1069,0.440233333333333,50000,0.118333333333333,50000,0.119566666666667,39806,0.0752,47961,0.0737,4128,0.0574,50000,0.0562666666666667,50000,0.163866666666667,35728,0.0734,50,0.938833333333333,13302,0.0826333333333333,2088,0.101766666666667,50,0.120766666666667,31651,0.0762666666666667,33690,0.0732333333333333,15340,0.113633333333333,11263,0.128033333333333,4000,0.0387333333333333,5000,0.148566666666667
"Black-and-white Warbler",3108,0.4047,35728,0.1014,13302,0.0561,1069,0.9308,1069,0.0717666666666667,1069,0.975,50,0.103233333333333,11263,0.0448333333333333,5147,0.189133333333333,50000,0.167066666666667,1069,0.256,31651,0.0803,47961,0.0618333333333333,8205,0.0595333333333333,1069,0.0601,23496,0.0466,27574,0.0557666666666667,37767,0.0863333333333333,30000,0.0370666666666667,1000,0.1697
"Black-bellied Whistling-Duck",39806,0.0455666666666667,39806,0.0959333333333333,47961,0.0669,50000,0.0930666666666667,21457,0.0924666666666667,29612,0.0794333333333333,50000,0.0462,29612,0.0647333333333333,27574,0.0969333333333333,4128,0.0650666666666667,17380,0.0799666666666667,10244,0.1593,23496,0.0574666666666667,2088,0.1146,50,0.8653,50,0.0395,50000,0.094,29612,0.0767666666666667,50000,0.0363,24000,0.0420666666666667
"Black-billed Cuckoo",1069,0.204733333333333,15340,0.0577666666666667,15340,0.0517333333333333,10244,0.0624666666666667,50000,0.0661,21457,0.0753666666666667,2088,0.0440666666666667,5147,0.0424666666666667,1069,0.0835,4128,0.0542333333333333,50000,0.0639666666666667,50,0.226066666666667,1069,0.0416,2088,0.1432,5147,0.0702333333333333,13302,0.0404666666666667,2088,0.0942666666666667,3108,0.0528666666666667,30000,0.0363666666666667,1000,0.0663333333333333
"Black-billed Magpie",11263,0.108933333333333,1069,0.318566666666667,50000,0.148533333333333,50,0.0661,1069,0.7491,1069,0.0577,3108,0.1178,45922,0.0706333333333333,50000,0.0888,11263,0.0975333333333333,50,0.2162,1069,0.288966666666667,15340,0.176033333333333,33690,0.0681333333333333,4128,0.207566666666667,37767,0.0802,23496,0.0557,43883,0.121266666666667,1000,0.0584,1000,0.4109
"Black-capped Chickadee",1069,0.9971,50,0.9258,50,0.9898,50,0.673466666666667,2088,0.366333333333333,1069,0.844866666666667,5147,0.0947333333333333,1069,0.218366666666667,4128,0.0804333333333333,1069,0.633966666666667,2088,0.170966666666667,50000,0.228133333333333,50000,0.131,25535,0.0769333333333333,50,0.156533333333333,50,0.400133333333333,50000,0.1791,50,0.2503,1000,0.0890333333333333,1000,0.0972666666666667
"Black-chinned Hummingbird",1069,0.242833333333333,50,0.4689,45922,0.0437,1069,0.1388,1069,0.863366666666667,47961,0.1256,50000,0.133266666666667,50000,0.0995,9224,0.133866666666667,50000,0.0639,1069,0.1365,43883,0.0612666666666667,2088,0.213233333333333,50,0.6773,47961,0.1232,50,0.442666666666667,3108,0.0537,1069,0.2985,48000,0.0595,1000,0.2463
"Black-crested Titmouse",43883,0.0416333333333333,50,0.179433333333333,9224,0.0785333333333333,6166,0.0845666666666667,1069,0.0775333333333333,1069,0.1642,9224,0.0661,50000,0.0847333333333333,1069,0.0443666666666667,50,0.1499,50000,0.0680333333333333,17380,0.0522,31651,0.0496666666666667,1069,0.239666666666667,50,0.0601333333333333,17380,0.0353333333333333,27574,0.1308,50,0.432,50000,0.0606333333333333,1000,0.0641333333333333
"Black-crowned Night Heron",6166,0.0923,6166,0.0398333333333333,27574,0.0442,4128,0.0557666666666667,6166,0.0604333333333333,50000,0.0408,5147,0.0719333333333333,50,0.0599333333333333,47961,0.0431333333333333,45922,0.0374,11263,0.1083,1069,0.893866666666667,1069,0.1262,1069,0.176333333333333,41845,0.0409333333333333,11263,0.0380666666666667,2088,0.131566666666667,1069,0.180666666666667,1000,0.0352666666666667,3000,0.0380333333333333
"Black-headed Grosbeak",2088,0.427166666666667,50,0.883433333333333,2088,0.1219,1069,0.1032,2088,0.4763,4128,0.229966666666667,2088,0.118266666666667,43883,0.0740666666666667,21457,0.118933333333333,50000,0.0555666666666667,1069,0.507833333333333,1069,0.0998333333333333,50,0.0663,15340,0.0997666666666667,27574,0.114566666666667,41845,0.0719666666666667,50,0.470566666666667,1069,0.441366666666667,11000,0.0369666666666667,5000,0.1208
"Black-necked Stilt",1069,0.6219,50,0.0790333333333333,50000,0.0593666666666667,1069,0.0637666666666667,1069,0.0692666666666667,2088,0.0609,1069,0.0407666666666667,13302,0.0491,4128,0.0462333333333333,1069,0.467933333333333,50,0.128166666666667,1069,0.958733333333333,43883,0.0703333333333333,2088,0.549666666666667,17380,0.110933333333333,50000,0.0392666666666667,1069,0.0604666666666667,3108,0.147566666666667,11000,0.0367333333333333,48000,0.0404333333333333
"Black-tailed Gnatcatcher",35728,0.0648666666666667,3108,0.0646666666666667,1069,0.0881333333333333,33690,0.0397666666666667,9224,0.0425333333333333,47961,0.0409666666666667,1069,0.303766666666667,15340,0.0445666666666667,50,0.138166666666667,50,0.129566666666667,31651,0.0717333333333333,2088,0.135666666666667,17380,0.0364333333333333,1069,0.114366666666667,50,0.0731333333333333,3108,0.04,50000,0.115566666666667,4128,0.0740666666666667,46000,0.0361,50000,0.0864333333333333
"Black-throated Blue Warbler",1069,0.480466666666667,47961,0.0467666666666667,23496,0.0816333333333333,1069,0.4522,50000,0.102833333333333,1069,0.700733333333333,50,0.289666666666667,35728,0.0560666666666667,50,0.1714,3108,0.0529,4128,0.0435,1069,0.0533,27574,0.0412666666666667,4128,0.1555,27574,0.0478666666666667,25535,0.0384333333333333,1069,0.158433333333333,4128,0.0578,26000,0.0437333333333333,1000,0.276833333333333
"Black-throated Gray Warbler",2088,0.1395,5147,0.0886666666666667,11263,0.0463,1069,0.0818666666666667,1069,0.234366666666667,50,0.1403,50000,0.0582333333333333,10244,0.0865666666666667,50,0.0554666666666667,10244,0.0405333333333333,50000,0.136333333333333,45922,0.0465,27574,0.0632,31651,0.0428,21457,0.045,15340,0.0418,3108,0.0642666666666667,5147,0.1773,40000,0.0377333333333333,1000,0.103266666666667
"Black-throated Green Warbler",2088,0.483433333333333,50000,0.1113,10244,0.0808333333333333,50,0.549366666666667,1069,0.376166666666667,1069,0.8974,1069,0.0845333333333333,33690,0.0649666666666667,1069,0.551366666666667,1069,0.164866666666667,15340,0.0719,50,0.0979,50000,0.1458,35728,0.0654,37767,0.0601333333333333,50000,0.093,35728,0.0442,1069,0.0659333333333333,46000,0.0419,1000,0.1817
"Black-throated Sparrow",1069,0.0770333333333333,50,0.0957,2088,0.0843333333333333,23496,0.0419333333333333,2088,0.0708666666666667,3108,0.0420666666666667,1069,0.436933333333333,23496,0.0514333333333333,10244,0.0397,27574,0.0471,31651,0.0689666666666667,50,0.2154,3108,0.0483333333333333,47961,0.0432333333333333,47961,0.0487333333333333,11263,0.0560666666666667,50,0.0899,7185,0.0920666666666667,1000,0.0481666666666667,8000,0.0654666666666667
"Black Phoebe",33690,0.0463333333333333,50,0.132,21457,0.0619,50000,0.1187,50,0.303733333333333,50000,0.0553333333333333,50,0.8381,23496,0.116066666666667,1069,0.0489,11263,0.0502,1069,0.0923666666666667,13302,0.1371,50000,0.077,4128,0.0838,15340,0.0676333333333333,50,0.136533333333333,50000,0.163933333333333,50,0.124666666666667,1000,0.0469,20000,0.0549
"Black Skimmer",1069,0.0579333333333333,15340,0.0573,2088,0.113366666666667,10244,0.0442,23496,0.0397,11263,0.0485333333333333,2088,0.0379,50,0.0664666666666667,50000,0.0478666666666667,1069,0.0444666666666667,13302,0.0641333333333333,1069,0.210466666666667,1069,0.191133333333333,31651,0.0716333333333333,1069,0.0552333333333333,50,0.054,1069,0.124066666666667,13302,0.0454,36000,0.0354666666666667,48000,0.0396666666666667
"Black Tern",5147,0.0797,4128,0.0417333333333333,1069,0.110266666666667,50,0.1196,47961,0.0404,8205,0.0399,1069,0.0415,2088,0.132533333333333,15340,0.0890666666666667,6166,0.0941,43883,0.0442333333333333,1069,0.9968,21457,0.0821666666666667,3108,0.0740666666666667,15340,0.065,23496,0.0368,1069,0.0447333333333333,50,0.0459666666666667,3000,0.0354666666666667,3000,0.0367666666666667
"Black Vulture",50000,0.0743,50,0.0593,35728,0.0899333333333333,1069,0.0754333333333333,50,0.196266666666667,3108,0.0577,50000,0.2452,2088,0.0742333333333333,3108,0.116166666666667,39806,0.0547,1069,0.218166666666667,7185,0.0903333333333333,39806,0.0409,50,0.953566666666667,37767,0.0898333333333333,50,0.0640333333333333,25535,0.0687333333333333,25535,0.0385,48000,0.0441333333333333,50000,0.0812666666666667
"Blackburnian Warbler",3108,0.1882,11263,0.0613333333333333,50,0.1455,1069,0.114066666666667,50,0.998966666666667,50,0.1826,1069,0.0952666666666667,50,0.0659333333333333,1069,0.324366666666667,1069,0.0889333333333333,5147,0.0667666666666667,50,0.0842,15340,0.063,37767,0.0483666666666667,11263,0.0469,50,0.0486,50,0.103766666666667,2088,0.0378333333333333,1000,0.0378333333333333,1000,0.207666666666667
"Blue-gray Gnatcatcher",1069,0.989333333333333,2088,0.340433333333333,50000,0.0929666666666667,50,0.9636,7185,0.2896,50000,0.0702333333333333,17380,0.0458666666666667,33690,0.0579,2088,0.163133333333333,1069,0.583633333333333,1069,0.6972,2088,0.0546666666666667,50000,0.0861333333333333,45922,0.0642666666666667,50000,0.0573666666666667,45922,0.0902,5147,0.1683,1069,0.410966666666667,3000,0.038,50000,0.3222
"Blue-headed Vireo",1069,0.216966666666667,50000,0.0469,13302,0.0545333333333333,2088,0.0897333333333333,1069,0.688633333333333,1069,0.344766666666667,10244,0.104966666666667,15340,0.0606,1069,0.938366666666667,50000,0.0793,3108,0.108133333333333,50000,0.0637,1069,0.0692333333333333,4128,0.0963,50000,0.0586,2088,0.0493666666666667,2088,0.1071,43883,0.0696333333333333,50000,0.041,1000,0.340833333333333
"Blue-winged Teal",1069,0.564466666666667,1069,0.0906333333333333,5147,0.0598666666666667,4128,0.105766666666667,1069,0.062,2088,0.0855333333333333,50000,0.0457666666666667,1069,0.0541666666666667,50000,0.0658666666666667,1069,0.188666666666667,9224,0.0512333333333333,50,0.9851,50000,0.0360666666666667,50,0.3438,1069,0.0618333333333333,10244,0.0399666666666667,33690,0.0430333333333333,8205,0.0463666666666667,4000,0.0354666666666667,4000,0.0395
"Blue-winged Warbler",1069,0.3907,4128,0.0573666666666667,1069,0.0499666666666667,1069,0.9725,3108,0.0407666666666667,1069,0.0746,2088,0.127833333333333,50000,0.0596,8205,0.0464333333333333,3108,0.1352,1069,0.1673,17380,0.1005,1069,0.0592666666666667,1069,0.0382,50000,0.1716,15340,0.0369333333333333,33690,0.0531666666666667,1069,0.102266666666667,38000,0.0363,50000,0.0559333333333333
"Blue Grosbeak",1069,0.9753,39806,0.0899666666666667,23496,0.0461333333333333,50,0.1211,11263,0.118433333333333,13302,0.0548333333333333,2088,0.0949666666666667,50,0.937466666666667,50,0.999633333333333,50,0.7839,1069,0.6385,19418,0.0786666666666667,50,0.0696666666666667,50000,0.0496333333333333,2088,0.0549333333333333,1069,0.0397333333333333,43883,0.0793,1069,0.368566666666667,48000,0.0379,1000,0.0748333333333333
"Blue Jay",1069,0.999933333333333,50,0.99,50,0.475333333333333,1069,0.832166666666667,1069,0.963733333333333,50,0.999933333333333,6166,0.1514,1069,0.244333333333333,9224,0.0980666666666667,27574,0.0788666666666667,50000,0.184633333333333,50,0.580733333333333,1069,0.401133333333333,43883,0.0887,50000,0.0892,50,0.477833333333333,37767,0.0882333333333333,2088,0.4565,50000,0.0416333333333333,38000,0.0440666666666667
"Boat-tailed Grackle",50,0.177266666666667,50,0.6448,5147,0.0756,4128,0.0627333333333333,50,0.371766666666667,2088,0.084,1069,0.0534333333333333,11263,0.094,50,0.1501,2088,0.0650666666666667,1069,0.2254,1069,0.678166666666667,23496,0.134,23496,0.0910333333333333,47961,0.0717,50000,0.0633,1069,0.669833333333333,6166,0.0439666666666667,40000,0.0419333333333333,50000,0.0606333333333333
"Brewer's Blackbird",1069,0.510466666666667,50000,0.1182,8205,0.140133333333333,1069,0.140133333333333,50,0.9628,39806,0.0426,1069,0.307866666666667,37767,0.1197,1069,0.197333333333333,6166,0.1261,23496,0.0520333333333333,4128,0.176966666666667,37767,0.0910333333333333,10244,0.0558,5147,0.0533,29612,0.0538666666666667,19418,0.0545,1069,0.4577,1000,0.0525,30000,0.0517333333333333
"Brewer's Sparrow",1069,0.337566666666667,33690,0.0551333333333333,13302,0.0983,37767,0.0711333333333333,17380,0.0921,1069,0.0848333333333333,2088,0.541733333333333,1069,0.211,2088,0.085,50,0.0630333333333333,3108,0.101066666666667,1069,0.0538333333333333,50,0.0528,47961,0.0453333333333333,47961,0.0522666666666667,50,0.0834666666666667,50,0.0758666666666667,1069,0.342266666666667,4000,0.0405,1000,0.121933333333333
"Broad-billed Hummingbird",50,0.167766666666667,50,0.0446333333333333,2088,0.116666666666667,23496,0.0386,13302,0.1755,7185,0.1905,21457,0.146366666666667,19418,0.0474333333333333,9224,0.1242,50000,0.0436666666666667,33690,0.0934333333333333,4128,0.0550666666666667,31651,0.0342,35728,0.0425,10244,0.0338333333333333,29612,0.0506666666666667,50,0.219166666666667,45922,0.0620666666666667,50000,0.0421333333333333,1000,0.0413
"Broad-tailed Hummingbird",50000,0.383833333333333,50000,0.0736,50,0.132266666666667,50000,0.0682333333333333,1069,0.695966666666667,37767,0.0615333333333333,10244,0.192233333333333,50000,0.1435,27574,0.150266666666667,4128,0.115733333333333,25535,0.1371,8205,0.0914333333333333,21457,0.0730333333333333,50000,0.268766666666667,1069,0.107133333333333,50,0.350933333333333,27574,0.0574,1069,0.491533333333333,10000,0.0439666666666667,1000,0.2342
"Broad-winged Hawk",17380,0.0472333333333333,1069,0.0716333333333333,29612,0.0428333333333333,1069,0.619066666666667,5147,0.0404666666666667,1069,0.0982666666666667,50,0.0397666666666667,1069,0.0717,33690,0.0410666666666667,2088,0.0803333333333333,3108,0.0726333333333333,13302,0.0475666666666667,1069,0.0412333333333333,15340,0.0455333333333333,50000,0.0561,2088,0.0406,43883,0.04,3108,0.0596666666666667,26000,0.0354666666666667,26000,0.0371666666666667
"Bronzed Cowbird",47961,0.0839666666666667,50000,0.0524333333333333,50,0.1557,3108,0.0501666666666667,25535,0.0689,50,0.0863666666666667,50000,0.0579666666666667,21457,0.0641333333333333,2088,0.0605666666666667,5147,0.0797666666666667,50000,0.0595666666666667,43883,0.0784333333333333,50000,0.0446333333333333,50000,0.0747666666666667,50,0.274733333333333,47961,0.0379333333333333,23496,0.0546333333333333,41845,0.0432,1000,0.0347666666666667,48000,0.0705
"Brown-crested Flycatcher",41845,0.0882666666666667,45922,0.0706333333333333,21457,0.0491666666666667,45922,0.0643666666666667,50,0.0823666666666667,21457,0.0712,2088,0.059,50,0.194433333333333,1069,0.427333333333333,35728,0.0522333333333333,1069,0.435,29612,0.0531333333333333,11263,0.0566333333333333,29612,0.0625,6166,0.121533333333333,50,0.0527,39806,0.133166666666667,17380,0.0561666666666667,28000,0.0404,1000,0.0433333333333333
"Brown-headed Cowbird",1069,0.3975,50,0.9999,50,0.617866666666667,1069,0.1735,6166,0.137833333333333,50000,0.383433333333333,3108,0.1921,11263,0.0652333333333333,3108,0.4208,50000,0.237333333333333,50000,0.0935666666666667,50000,0.122766666666667,1069,0.0727,50,0.363,47961,0.133833333333333,50,0.3465,4128,0.0909666666666667,1069,0.440966666666667,30000,0.0537666666666667,1000,0.0603333333333333
"Brown-headed Nuthatch",23496,0.0671666666666667,50,0.296033333333333,25535,0.305766666666667,1069,0.106233333333333,50,0.567066666666667,4128,0.0810333333333333,10244,0.0484666666666667,21457,0.106433333333333,45922,0.0785,17380,0.0591,21457,0.0905333333333333,3108,0.0456666666666667,8205,0.0730333333333333,3108,0.0592,27574,0.102766666666667,45922,0.0408333333333333,9224,0.0693666666666667,1069,0.0641,24000,0.0352,2000,0.0503333333333333
"Brown Creeper",50,0.127533333333333,1069,0.116233333333333,2088,0.0732333333333333,43883,0.0558,50,0.7559,1069,0.1913,10244,0.0545,47961,0.0606666666666667,50,0.0784666666666667,5147,0.0454,50,0.445933333333333,31651,0.0441333333333333,47961,0.102233333333333,2088,0.140366666666667,45922,0.0551,50,0.0584,6166,0.0894,50,0.0560333333333333,26000,0.0411666666666667,1000,0.0998666666666667
"Brown Pelican",6166,0.103,5147,0.109666666666667,1069,0.0462666666666667,50000,0.128266666666667,2088,0.0478,50000,0.0473,2088,0.0931666666666667,50,0.0622,10244,0.0481333333333333,50000,0.0566,11263,0.0425666666666667,50000,0.0607666666666667,1069,0.9928,17380,0.0947,2088,0.247666666666667,31651,0.0522666666666667,1069,0.905666666666667,6166,0.0675,48000,0.0404333333333333,1000,0.0395666666666667
"Brown Thrasher",2088,0.360533333333333,50000,0.420866666666667,50000,0.0801,50,0.2971,50000,0.0922333333333333,35728,0.0870666666666667,1069,0.0542333333333333,50,0.172833333333333,1069,0.9082,50,0.9352,50,0.342933333333333,1069,0.103433333333333,50,0.0493333333333333,50000,0.0650666666666667,25535,0.1055,50,0.308666666666667,9224,0.0719,47961,0.0648666666666667,50000,0.132566666666667,50000,0.0544
"Bullock's Oriole",1069,0.292433333333333,50,0.256866666666667,5147,0.0794333333333333,1069,0.113933333333333,50,0.6317,50,0.075,11263,0.0532666666666667,1069,0.451866666666667,3108,0.248566666666667,13302,0.0961333333333333,50,0.246666666666667,2088,0.1935,2088,0.4131,3108,0.3613,1069,0.3395,50,0.0614666666666667,10244,0.1087,6166,0.0634666666666667,2000,0.066,1000,0.613333333333333
"Burrowing Owl",3108,0.0953333333333333,50,0.0535666666666667,21457,0.0442333333333333,31651,0.0445333333333333,1069,0.0439666666666667,1069,0.0378,3108,0.0602666666666667,50,0.546266666666667,39806,0.0474,35728,0.0603666666666667,4128,0.0673,50,0.0415,1069,0.0688,27574,0.0436333333333333,2088,0.052,15340,0.0389333333333333,2088,0.0482666666666667,9224,0.0962333333333333,8000,0.0346333333333333,1000,0.0517333333333333
"Bushtit",3108,0.0794,50,0.153366666666667,13302,0.0569333333333333,50000,0.0528333333333333,1069,0.1076,50000,0.0476333333333333,1069,0.0961,6166,0.0723,50,0.1823,27574,0.0456333333333333,23496,0.099,33690,0.106233333333333,39806,0.0850333333333333,7185,0.0493666666666667,3108,0.150533333333333,21457,0.0456333333333333,8205,0.0537333333333333,6166,0.0674333333333333,50000,0.0552333333333333,1000,0.0983
"Cactus Wren",1069,0.0758333333333333,2088,0.0678666666666667,19418,0.108166666666667,9224,0.0714333333333333,50000,0.0917333333333333,2088,0.0941,3108,0.242866666666667,1069,0.1317,35728,0.0379666666666667,6166,0.239733333333333,11263,0.2273,5147,0.1062,41845,0.0354666666666667,33690,0.0715,27574,0.0484,3108,0.0580333333333333,37767,0.0490333333333333,10244,0.0516666666666667,11000,0.0419,50000,0.0754666666666667
"California Gull",50000,0.0692,29612,0.0578,35728,0.0780666666666667,50000,0.099,50,0.0939333333333333,3108,0.0709,2088,0.1312,1069,0.0830666666666667,19418,0.0502,50000,0.0508333333333333,41845,0.0753,3108,0.296166666666667,1069,0.623866666666667,1069,0.872766666666667,5147,0.102366666666667,3108,0.0391333333333333,1069,0.3328,1069,0.307133333333333,48000,0.0363333333333333,50000,0.0405333333333333
"California Quail",33690,0.0765,1069,0.3764,1069,0.0484333333333333,50000,0.0559,50,0.323166666666667,1069,0.201866666666667,1069,0.8022,50000,0.1184,7185,0.1131,25535,0.108533333333333,39806,0.0709,13302,0.0809333333333333,45922,0.223733333333333,50000,0.167966666666667,50,0.156833333333333,50,0.224533333333333,50000,0.0707333333333333,31651,0.0938,1000,0.0398333333333333,1000,0.097
"California Scrub-Jay",1069,0.4629,21457,0.0810333333333333,9224,0.151866666666667,35728,0.0527666666666667,50,0.9345,2088,0.170766666666667,1069,0.522466666666667,50000,0.0956666666666667,11263,0.0694666666666667,50,0.0926333333333333,27574,0.0534333333333333,1069,0.0708666666666667,31651,0.136266666666667,4128,0.134366666666667,2088,0.1847,50000,0.065,21457,0.0523666666666667,13302,0.161833333333333,2000,0.0590333333333333,1000,0.204533333333333
"California Thrasher",50,0.371966666666667,4128,0.0454333333333333,5147,0.0838666666666667,45922,0.0865333333333333,50000,0.0638666666666667,47961,0.0433333333333333,1069,0.603066666666667,13302,0.0876,50000,0.0619666666666667,9224,0.0692666666666667,2088,0.1868,50,0.265666666666667,6166,0.0530666666666667,1069,0.166433333333333,39806,0.105833333333333,3108,0.0750333333333333,39806,0.0728666666666667,50,0.0870666666666667,2000,0.0358333333333333,28000,0.0431666666666667
"California Towhee",50,0.431666666666667,15340,0.1692,25535,0.0655,4128,0.0922333333333333,50000,0.223833333333333,50000,0.0472666666666667,50000,0.172733333333333,6166,0.0836,29612,0.181766666666667,50000,0.0497333333333333,2088,0.198666666666667,21457,0.0846666666666667,43883,0.1247,2088,0.2785,27574,0.0550666666666667,8205,0.0513666666666667,50,0.113833333333333,4128,0.1885,50000,0.0777,5000,0.0739
"Calliope Hummingbird",1069,0.0500333333333333,17380,0.0595666666666667,9224,0.0416666666666667,1069,0.1821,1069,0.1954,9224,0.0415666666666667,1069,0.134533333333333,5147,0.0638,4128,0.0513333333333333,4128,0.0455,5147,0.0445666666666667,47961,0.0582666666666667,50000,0.0384,2088,0.0916333333333333,31651,0.0522,50000,0.0638666666666667,2088,0.123066666666667,15340,0.104233333333333,12000,0.0478666666666667,26000,0.0696
"Canada Goose",50,0.999766666666667,4128,0.146966666666667,21457,0.0726333333333333,50,0.99,50,0.891966666666667,1069,0.371366666666667,2088,0.0979666666666667,9224,0.0689,21457,0.132966666666667,50,0.271766666666667,1069,0.104166666666667,1069,0.687566666666667,50,0.189833333333333,50,0.999966666666667,50,0.5577,43883,0.0582,1069,0.99,1069,0.9876,1000,0.0417666666666667,1000,0.101066666666667
"Canada Jay",50000,0.0523666666666667,50000,0.0499,5147,0.0652333333333333,1069,0.0571666666666667,1069,0.517266666666667,1069,0.0373666666666667,50000,0.0543,50,0.1022,50000,0.0702,10244,0.0358,6166,0.0505666666666667,50,0.0407666666666667,27574,0.0355,50,0.0597,25535,0.0432,35728,0.0354666666666667,15340,0.0375,1069,0.102733333333333,38000,0.0367666666666667,3000,0.1457
"Canvasback",50000,0.0545333333333333,50000,0.0437333333333333,25535,0.0402333333333333,10244,0.0506666666666667,15340,0.0566666666666667,17380,0.0377,50,0.0438,3108,0.0464333333333333,2088,0.102233333333333,50,0.1015,2088,0.0594,3108,0.163533333333333,47961,0.0350333333333333,50,0.133766666666667,43883,0.05,50000,0.0346333333333333,3108,0.0427333333333333,47961,0.0552,50000,0.0372333333333333,42000,0.0341666666666667
"Canyon Towhee",23496,0.0439666666666667,50,0.0378666666666667,11263,0.188,50000,0.0542666666666667,31651,0.0514,2088,0.056,50,0.993,11263,0.0802666666666667,2088,0.0427333333333333,4128,0.0652,29612,0.0494,3108,0.0812666666666667,9224,0.0342666666666667,39806,0.0541,39806,0.0601,50,0.0506333333333333,50000,0.0741333333333333,23496,0.113833333333333,1000,0.0532,3000,0.0623666666666667
"Canyon Wren",2088,0.165433333333333,5147,0.0435,50,0.2192,19418,0.0506666666666667,50,0.0516333333333333,50000,0.0424333333333333,50,0.1879,47961,0.0422,1069,0.0431,5147,0.0443333333333333,29612,0.0525,29612,0.0368,10244,0.0362666666666667,5147,0.0675666666666667,7185,0.0637,50,0.1167,27574,0.0559666666666667,1069,0.999133333333333,14000,0.0393666666666667,1000,0.0710333333333333
"Carolina Chickadee",4128,0.2043,50,0.99,35728,0.1019,50,0.949966666666667,50,0.260933333333333,50,0.0673666666666667,2088,0.0574,5147,0.0770333333333333,50000,0.136233333333333,1069,0.712466666666667,2088,0.118333333333333,50,0.8868,1069,0.4778,45922,0.102933333333333,45922,0.114366666666667,45922,0.0750333333333333,6166,0.0624333333333333,50000,0.1285,50000,0.0535666666666667,50000,0.433066666666667
"Carolina Wren",1069,0.1525,50,0.99,1069,0.272033333333333,1069,0.997566666666667,41845,0.104366666666667,50000,0.346633333333333,1069,0.104366666666667,1069,0.0680666666666667,50000,0.0973666666666667,50000,0.1025,50000,0.170866666666667,43883,0.0855,50000,0.4067,50000,0.521333333333333,2088,0.0861333333333333,50000,0.1166,50000,0.153333333333333,23496,0.0674333333333333,50000,0.115066666666667,50000,0.224366666666667
"Caspian Tern",27574,0.0685666666666667,45922,0.115866666666667,50,0.257066666666667,2088,0.0644,8205,0.0737333333333333,8205,0.0751666666666667,1069,0.0748666666666667,25535,0.0424333333333333,10244,0.152966666666667,33690,0.0425666666666667,3108,0.116733333333333,1069,0.3562,1069,0.392333333333333,1069,0.4506,3108,0.109,50,0.0554333333333333,2088,0.525,1069,0.320366666666667,3000,0.0393333333333333,50000,0.0439333333333333
"Cassin's Finch",2088,0.0785666666666667,29612,0.0591666666666667,29612,0.0424333333333333,13302,0.0806,7185,0.1555,50000,0.192333333333333,50,0.0657,50,0.0618666666666667,10244,0.0543,13302,0.0590333333333333,27574,0.0526333333333333,5147,0.0864666666666667,47961,0.0361,50,0.187466666666667,19418,0.0490666666666667,10244,0.0486666666666667,50000,0.0614,3108,0.231833333333333,7000,0.0542666666666667,1000,0.0626666666666667
"Cassin's Kingbird",19418,0.0433,43883,0.0582666666666667,31651,0.0573,50000,0.0710333333333333,15340,0.0692,8205,0.0526,47961,0.0849666666666667,47961,0.0829666666666667,37767,0.0553666666666667,47961,0.0509666666666667,19418,0.0925333333333333,11263,0.189533333333333,2088,0.0828,1069,0.0811333333333333,47961,0.05,50,0.0377333333333333,50000,0.0679,4128,0.0784,28000,0.0571666666666667,4000,0.0714
"Cassin's Sparrow",1069,0.351666666666667,50,0.1349,39806,0.163966666666667,2088,0.0597666666666667,1069,0.123333333333333,5147,0.0464666666666667,1069,0.363066666666667,2088,0.0898666666666667,31651,0.0437333333333333,2088,0.0888333333333333,2088,0.0579666666666667,3108,0.256366666666667,50,0.0420333333333333,50,0.1479,29612,0.0413,2088,0.0422666666666667,31651,0.0467333333333333,1069,0.279833333333333,50000,0.0372333333333333,2000,0.0471333333333333
"Cassin's Vireo",1069,0.159966666666667,7185,0.0375333333333333,3108,0.0534666666666667,1069,0.1397,1069,0.688933333333333,35728,0.0430333333333333,31651,0.0666333333333333,1069,0.0536,17380,0.0499333333333333,2088,0.0732333333333333,25535,0.0512,35728,0.0441333333333333,39806,0.0439666666666667,8205,0.0666666666666667,50000,0.0653666666666667,1069,0.0722666666666667,50000,0.0536666666666667,7185,0.0899666666666667,14000,0.0377666666666667,4000,0.0437
"Cedar Waxwing",50000,0.129433333333333,3108,0.0839333333333333,1069,0.1282,37767,0.0580333333333333,50,0.614933333333333,1069,0.2965,50,0.0792333333333333,50000,0.0716666666666667,50,0.0974333333333333,3108,0.369533333333333,1069,0.5112,50,0.0935666666666667,33690,0.0690666666666667,2088,0.386966666666667,1069,0.140333333333333,50,0.702466666666667,5147,0.122766666666667,50,0.376566666666667,50000,0.1052,46000,0.0694666666666667
"Chestnut-backed Chickadee",1069,0.194566666666667,50,0.8624,1069,0.3562,3108,0.1211,50,0.988833333333333,50,0.2115,43883,0.0695666666666667,50000,0.0663333333333333,23496,0.0732,11263,0.0503666666666667,7185,0.0723333333333333,1069,0.0576,50,0.179333333333333,50,0.0728666666666667,2088,0.104333333333333,50000,0.116566666666667,3108,0.216466666666667,50,0.221733333333333,42000,0.0478333333333333,14000,0.0428333333333333
"Chestnut-collared Longspur",1069,0.0783,2088,0.0438,43883,0.0439333333333333,31651,0.0423333333333333,50000,0.0678333333333333,13302,0.0407333333333333,2088,0.0538333333333333,1069,0.813033333333333,50000,0.0954666666666667,39806,0.0966666666666667,2088,0.0629,1069,0.0944,7185,0.0423333333333333,25535,0.0605333333333333,25535,0.0391,50000,0.0372333333333333,25535,0.0712666666666667,1069,0.0484333333333333,3000,0.0361333333333333,24000,0.038
"Chestnut-sided Warbler",3108,0.2492,27574,0.0698666666666667,50000,0.356133333333333,1069,0.947966666666667,50000,0.2031,47961,0.108466666666667,10244,0.306566666666667,47961,0.0713,50000,0.147666666666667,2088,0.2505,50000,0.1937,6166,0.111366666666667,25535,0.0654,1069,0.598233333333333,33690,0.117433333333333,2088,0.110833333333333,3108,0.220166666666667,1069,0.335566666666667,40000,0.0392666666666667,1000,0.8299
"Chihuahuan Meadowlark",19418,0.0632,19418,0.0549,5147,0.0516,50000,0.195033333333333,50000,0.235666666666667,50000,0.0520333333333333,15340,0.0658,1069,0.286766666666667,31651,0.0403666666666667,5147,0.0559333333333333,31651,0.1021,50000,0.0856333333333333,5147,0.0341666666666667,5147,0.279233333333333,3108,0.0625333333333333,29612,0.0478,50000,0.0494333333333333,1069,0.3455,28000,0.0377333333333333,16000,0.0378666666666667
"Chimney Swift",1069,0.999966666666667,1069,0.6838,25535,0.0657666666666667,50,0.2687,50,0.297833333333333,50000,0.0762,8205,0.0619,1069,0.716633333333333,1069,0.0817333333333333,50000,0.0659333333333333,50,0.1173,47961,0.0772,2088,0.0995666666666667,4128,0.0691666666666667,50,0.754966666666667,50,0.1152,33690,0.0429333333333333,50000,0.1257,20000,0.0377,1000,0.2764
"Chipping Sparrow",50,0.99,4128,0.175566666666667,23496,0.0671666666666667,1069,0.9346,1069,0.976166666666667,1069,0.6796,50,0.102566666666667,1069,0.0873,50,0.2702,50000,0.233566666666667,19418,0.143266666666667,1069,0.817333333333333,8205,0.0770333333333333,50,0.0640333333333333,17380,0.0699666666666667,5147,0.0436666666666667,4128,0.0942666666666667,50,0.566066666666667,1000,0.444733333333333,1000,0.388933333333333
"Cinnamon Teal",1069,0.1611,50,0.0637,2088,0.0744,39806,0.0873333333333333,1069,0.298133333333333,17380,0.0433666666666667,1069,0.145366666666667,50,0.104666666666667,10244,0.0478,50000,0.0505,4128,0.0558333333333333,1069,0.448,23496,0.0366,50,0.8878,50000,0.0569333333333333,47961,0.0441666666666667,1069,0.2405,5147,0.0611,34000,0.0351333333333333,6000,0.0494333333333333
"Clark's Grebe",50,0.0447,29612,0.0367333333333333,37767,0.0479333333333333,11263,0.043,2088,0.0491,37767,0.0418666666666667,4128,0.0394,47961,0.0592,5147,0.0525666666666667,41845,0.0474,1069,0.120466666666667,4128,0.0939,5147,0.1451,1069,0.9923,41845,0.0607666666666667,33690,0.0377666666666667,1069,0.0945666666666667,1069,0.0576666666666667,44000,0.0377333333333333,46000,0.0362
"Clark's Nutcracker",1069,0.1578,23496,0.0508666666666667,10244,0.0983666666666667,50000,0.0468,3108,0.0771666666666667,43883,0.0602,50,0.497566666666667,50,0.116333333333333,2088,0.0448333333333333,4128,0.0370333333333333,11263,0.0563333333333333,4128,0.04,27574,0.0353,17380,0.0407,31651,0.0534,50,0.278333333333333,1069,0.076,1069,0.1145,20000,0.034,1000,0.433066666666667
"Cliff Swallow",1069,0.853333333333333,50,0.7958,50,0.518833333333333,50,0.993366666666667,50,0.996766666666667,1069,0.3178,1069,0.248033333333333,2088,0.0954,1069,0.124166666666667,1069,0.739866666666667,35728,0.0782666666666667,1069,0.993166666666667,11263,0.0501333333333333,1069,0.918,1069,0.306666666666667,50,0.0731,1069,0.101733333333333,50,0.0810333333333333,1000,0.0792666666666667,1000,0.0503
"Common Gallinule",1069,0.0542333333333333,50,0.058,45922,0.0471666666666667,37767,0.0476,50000,0.0610666666666667,2088,0.0456333333333333,50000,0.0416,21457,0.0424,4128,0.0652666666666667,50000,0.0509,1069,0.1206,50,0.9939,1069,0.0855666666666667,50,0.326266666666667,41845,0.0697333333333333,50000,0.0426666666666667,13302,0.0825333333333333,50000,0.0366333333333333,50000,0.0645666666666667,7000,0.0337333333333333
"Common Grackle",50,0.716966666666667,11263,0.107966666666667,50000,0.0841333333333333,1069,0.766666666666667,1069,0.953466666666667,1069,0.734266666666667,2088,0.377966666666667,1069,0.654333333333333,50,0.6226,4128,0.255133333333333,1069,0.129233333333333,13302,0.1392,50000,0.0619666666666667,2088,0.0371333333333333,47961,0.218833333333333,50,0.445333333333333,1069,0.0774,50,0.961066666666667,46000,0.0408333333333333,50000,0.194366666666667
"Common Ground Dove",8205,0.0647666666666667,9224,0.0615666666666667,4128,0.0538,50000,0.0471333333333333,5147,0.0465,37767,0.0511,1069,0.0876666666666667,35728,0.0413666666666667,5147,0.0598,8205,0.0548333333333333,2088,0.198,13302,0.0456333333333333,50,0.0456333333333333,50000,0.0615333333333333,50000,0.0715,5147,0.0374333333333333,1069,0.0706,21457,0.0404,46000,0.0374666666666667,5000,0.0526333333333333
"Common Loon",1069,0.1586,50000,0.0581333333333333,4128,0.0868333333333333,4128,0.153266666666667,5147,0.0476666666666667,39806,0.1227,1069,0.0621,27574,0.0475333333333333,2088,0.0854,3108,0.0686666666666667,11263,0.0887,50000,0.243066666666667,1069,0.941966666666667,1069,0.99,3108,0.0523333333333333,47961,0.0376666666666667,1069,0.271233333333333,6166,0.0563,14000,0.0380333333333333,50000,0.0453
"Common Merganser",35728,0.0431333333333333,50000,0.0470333333333333,47961,0.0571666666666667,7185,0.0555333333333333,2088,0.0956333333333333,10244,0.0747,50,0.0986,47961,0.0444666666666667,19418,0.0487333333333333,50,0.0536333333333333,4128,0.0489333333333333,50,0.139166666666667,1069,0.0701,1069,0.999033333333333,50,0.8916,45922,0.0459333333333333,50,0.290033333333333,5147,0.0731333333333333,50000,0.0492333333333333,48000,0.0864333333333333
"Common Raven",3108,0.413866666666667,2088,0.167333333333333,50,0.235533333333333,5147,0.0432,50000,0.0835666666666667,45922,0.0586333333333333,29612,0.0554333333333333,10244,0.0653666666666667,50000,0.134033333333333,6166,0.0611333333333333,50000,0.2736,50000,0.1646,5147,0.1302,7185,0.154,23496,0.0635666666666667,47961,0.0602333333333333,21457,0.103933333333333,3108,0.0763,1000,0.116266666666667,50000,0.0494333333333333
"Common Tern",50,0.185033333333333,50,0.3119,41845,0.0584333333333333,5147,0.0578333333333333,50000,0.0456333333333333,50,0.0791333333333333,39806,0.0504,1069,0.0552666666666667,43883,0.0691333333333333,10244,0.0364666666666667,2088,0.105633333333333,1069,0.0443666666666667,1069,0.571733333333333,1069,0.116933333333333,3108,0.237666666666667,50,0.0370666666666667,1069,0.558366666666667,1069,0.3988,1000,0.0357666666666667,50000,0.0540333333333333
"Common Yellowthroat",1069,0.99,50,0.977233333333333,50,0.0628666666666667,6166,0.1998,50,0.981433333333333,45922,0.063,1069,0.840266666666667,50000,0.113666666666667,1069,0.984866666666667,50000,0.2402,50,0.99,1069,0.99,1069,0.0672,1069,0.6055,47961,0.0802333333333333,50,0.7697,2088,0.1735,29612,0.1008,50000,0.0808333333333333,50000,0.1744
"Costa's Hummingbird",50,0.0567333333333333,50,0.1151,43883,0.0872333333333333,19418,0.0907333333333333,1069,0.0871666666666667,7185,0.0445333333333333,2088,0.114433333333333,4128,0.0432,2088,0.0657333333333333,1069,0.0480333333333333,6166,0.139933333333333,1069,0.0557,33690,0.0373666666666667,2088,0.0576666666666667,50,0.0486666666666667,1069,0.0659666666666667,31651,0.0522,6166,0.0552333333333333,50000,0.0358333333333333,1000,0.0415666666666667
"Crested Caracara",33690,0.0428666666666667,50,0.0512,4128,0.0430666666666667,45922,0.0503666666666667,1069,0.146266666666667,50,0.0525,50000,0.1591,5147,0.05,47961,0.0499,6166,0.0389333333333333,50,0.0791666666666667,50,0.0803666666666667,50,0.154366666666667,50000,0.0996666666666667,4128,0.2638,47961,0.0359666666666667,9224,0.0473666666666667,19418,0.0531,24000,0.0339333333333333,1000,0.0374666666666667
"Curve-billed Thrasher",50,0.223633333333333,37767,0.169633333333333,25535,0.0773666666666667,1069,0.0758666666666667,2088,0.1207,2088,0.0813666666666667,50,0.440966666666667,23496,0.0503666666666667,2088,0.0425666666666667,15340,0.0913333333333333,3108,0.1803,1069,0.437833333333333,11263,0.0631333333333333,3108,0.101266666666667,1069,0.0648,2088,0.0496,27574,0.183933333333333,5147,0.0865666666666667,2000,0.0557666666666667,3000,0.0778
"Dark-eyed Junco",2088,0.0796,50000,0.188266666666667,2088,0.0587333333333333,15340,0.104833333333333,1069,0.997966666666667,3108,0.0746,21457,0.126,47961,0.0800333333333333,50,0.1698,2088,0.2455,1069,0.857733333333333,1069,0.1641,47961,0.347833333333333,19418,0.0458333333333333,50000,0.136633333333333,50,0.605233333333333,13302,0.145733333333333,50000,0.2488,2000,0.0857333333333333,1000,0.977466666666667
"Dickcissel",1069,0.958733333333333,50000,0.1631,11263,0.0682333333333333,50,0.364666666666667,2088,0.151666666666667,50000,0.2389,1069,0.189433333333333,1069,0.989366666666667,1069,0.999533333333333,1069,0.999833333333333,47961,0.0514,50000,0.0899333333333333,33690,0.0624,50000,0.0523333333333333,10244,0.0822,50,0.0400666666666667,37767,0.0481,1069,0.358133333333333,9000,0.0397333333333333,50000,0.0479666666666667
"Double-crested Cormorant",50,0.720733333333333,50000,0.0701333333333333,4128,0.141866666666667,4128,0.115766666666667,1069,0.131266666666667,50,0.3062,21457,0.0471,11263,0.0471333333333333,21457,0.0652,50,0.2108,47961,0.0641,1069,0.889866666666667,1069,0.998333333333333,1069,0.996033333333333,1069,0.9431,50,0.161033333333333,1069,0.355566666666667,50,0.994466666666667,10000,0.0364333333333333,50000,0.155566666666667
"Downy Woodpecker",3108,0.421633333333333,50,0.99,50,0.294466666666667,50,0.9997,50000,0.161433333333333,50,0.341533333333333,50000,0.148633333333333,1069,0.116166666666667,3108,0.4652,50,0.5451,41845,0.1016,50,0.182733333333333,2088,0.262766666666667,5147,0.0849,1069,0.561166666666667,1069,0.0507333333333333,4128,0.131933333333333,6166,0.1653,50000,0.0831,1000,0.3354
"Dusky Flycatcher",1069,0.206833333333333,37767,0.0608,1069,0.0495333333333333,31651,0.0582,23496,0.106566666666667,39806,0.0555,50,0.107766666666667,31651,0.0455333333333333,1069,0.1059,5147,0.1049,31651,0.0517333333333333,6166,0.0653666666666667,45922,0.0438666666666667,1069,0.0997,50000,0.0478666666666667,50000,0.0513666666666667,17380,0.114933333333333,47961,0.0639,28000,0.0455666666666667,1000,0.153733333333333
"Eared Grebe",1069,0.0645666666666667,43883,0.0418333333333333,8205,0.0542,23496,0.0417666666666667,1069,0.0531333333333333,50000,0.0409,35728,0.0482333333333333,50,0.0946,7185,0.0540666666666667,1069,0.063,31651,0.0478333333333333,1069,0.1047,45922,0.0380333333333333,50,0.9899,4128,0.0393,1069,0.0430333333333333,25535,0.0416,41845,0.0545333333333333,11000,0.0342333333333333,42000,0.0344666666666667
"Eastern Bluebird",6166,0.0758666666666667,1069,0.985933333333333,5147,0.1272,2088,0.107766666666667,3108,0.483466666666667,3108,0.0499666666666667,50000,0.0604,43883,0.0716,50,0.968,4128,0.164333333333333,50,0.8014,50,0.265733333333333,2088,0.0989666666666667,50000,0.0752666666666667,50,0.163266666666667,50,0.0902666666666667,5147,0.103233333333333,1069,0.6828,40000,0.0443666666666667,50000,0.0889666666666667
"Eastern Kingbird",1069,0.9992,3108,0.192766666666667,21457,0.0610333333333333,50,0.9866,50,0.800666666666667,50,0.99,1069,0.1448,1069,0.936633333333333,1069,0.9518,50,0.2706,1069,0.422966666666667,1069,0.7716,21457,0.1833,50,0.999966666666667,50000,0.124933333333333,50,0.879866666666667,50,0.3959,50,0.1821,50000,0.0565,1000,0.392966666666667
"Eastern Meadowlark",1069,0.9858,45922,0.0720333333333333,17380,0.128433333333333,50,0.99,50,0.4572,50,0.995033333333333,2088,0.125733333333333,1069,0.941133333333333,1069,0.99,1069,0.9985,50,0.9801,50000,0.161566666666667,10244,0.0614333333333333,1069,0.347066666666667,13302,0.0632666666666667,50,0.0747666666666667,9224,0.0900666666666667,50000,0.235033333333333,1000,0.039,50000,0.0747666666666667
"Eastern Towhee",1069,0.978233333333333,50,0.968133333333333,1069,0.2162,1069,0.914566666666667,41845,0.0893333333333333,50000,0.3072,2088,0.793266666666667,4128,0.0453666666666667,50000,0.281466666666667,1069,0.969866666666667,29612,0.0802,50,0.0616333333333333,3108,0.274633333333333,1069,0.666066666666667,50,0.2119,50,0.254633333333333,43883,0.1101,50000,0.254366666666667,50000,0.3656,50000,0.134833333333333
"Eastern Wood-Pewee",1069,0.999566666666667,1069,0.9617,50000,0.409766666666667,50,0.99,50,0.930466666666667,50,0.990166666666667,2088,0.0523,50000,0.0596333333333333,50000,0.124866666666667,50000,0.118266666666667,50,0.919966666666667,50000,0.244133333333333,35728,0.0568333333333333,50000,0.0624666666666667,50000,0.0784666666666667,17380,0.0604333333333333,15340,0.0695,50,0.220966666666667,50000,0.0522,12000,0.125633333333333
"Eurasian Collared-Dove",1069,0.99,23496,0.1333,1069,0.0699,1069,0.9831,1069,0.740833333333333,43883,0.1276,50000,0.101833333333333,10244,0.114566666666667,1069,0.7668,4128,0.550266666666667,50000,0.181066666666667,50000,0.280866666666667,8205,0.0806,37767,0.0900333333333333,50,0.393266666666667,50000,0.1718,31651,0.0855333333333333,1069,0.685633333333333,2000,0.0839333333333333,1000,0.191
"European Starling",1069,0.9964,1069,0.99,11263,0.0585333333333333,50,0.99,1069,0.999833333333333,50,0.99,1069,0.180066666666667,50000,0.0972,1069,0.999166666666667,1069,0.99,50,0.999966666666667,50000,0.330433333333333,39806,0.091,4128,0.0869333333333333,1069,0.4608,50,0.206366666666667,37767,0.0850333333333333,50,0.99,1000,0.0458333333333333,50000,0.361066666666667
"Evening Grosbeak",1069,0.0610333333333333,7185,0.0743333333333333,50000,0.2402,50,0.0591,8205,0.0830333333333333,1069,0.0606,1069,0.0562,9224,0.0571666666666667,19418,0.0864,4128,0.0490333333333333,25535,0.0534,47961,0.0624666666666667,1069,0.0486333333333333,13302,0.0388,10244,0.0507,15340,0.0465,1069,0.8639,45922,0.0510666666666667,5000,0.044,42000,0.0779
"Field Sparrow",1069,0.9829,1069,0.1051,50,0.0453333333333333,1069,0.813633333333333,50000,0.0863333333333333,2088,0.596,1069,0.998633333333333,50,0.994833333333333,50,0.7948,4128,0.0703,50000,0.0743666666666667,17380,0.164833333333333,2088,0.0748666666666667,1069,0.351933333333333,3108,0.1821,50000,0.0750666666666667,1069,0.0599666666666667,50000,0.0937,6000,0.0522,42000,0.067
"Fish Crow",1069,0.395533333333333,1069,0.512666666666667,1069,0.150833333333333,1069,0.130966666666667,7185,0.0584,50000,0.0662666666666667,50,0.144566666666667,1069,0.1213,1069,0.0615333333333333,6166,0.0762666666666667,4128,0.0640333333333333,23496,0.0620666666666667,11263,0.0726,9224,0.158666666666667,43883,0.0909333333333333,50,0.4731,2088,0.2053,1069,0.1079,10000,0.0356333333333333,50000,0.0623333333333333
"Forster's Tern",7185,0.138633333333333,9224,0.0380666666666667,50,0.0973,4128,0.0472,4128,0.0580333333333333,6166,0.0527333333333333,50000,0.0405333333333333,1069,0.0472666666666667,3108,0.0521333333333333,1069,0.0556666666666667,47961,0.0455666666666667,1069,0.5221,2088,0.281966666666667,50,0.311866666666667,8205,0.0407,23496,0.0348666666666667,1069,0.520433333333333,1069,0.196466666666667,24000,0.0344,18000,0.0387
"Fox Sparrow",2088,0.0607333333333333,37767,0.0427,11263,0.0913,2088,0.0417666666666667,2088,0.282266666666667,9224,0.0488666666666667,41845,0.0633,1069,0.0520666666666667,35728,0.0646666666666667,4128,0.0453333333333333,50,0.0695666666666667,50000,0.0423333333333333,39806,0.0380666666666667,37767,0.0597666666666667,8205,0.0495,50,0.0673333333333333,11263,0.0585,1069,0.121,44000,0.0595666666666667,1000,0.160033333333333
"Franklin's Gull",1069,0.144266666666667,50000,0.0465666666666667,50,0.0980333333333333,50,0.823033333333333,11263,0.0536333333333333,9224,0.0520666666666667,50,0.0531333333333333,50000,0.0375,10244,0.0886666666666667,50,0.133966666666667,50,0.048,7185,0.105066666666667,50,0.0612666666666667,4128,0.0631,50000,0.0358666666666667,45922,0.0398,7185,0.0733666666666667,50,0.0421333333333333,48000,0.0356,2000,0.0411333333333333
"Gadwall",21457,0.0653666666666667,50000,0.0552666666666667,29612,0.0506666666666667,37767,0.0517333333333333,1069,0.228133333333333,4128,0.102566666666667,21457,0.0611,1069,0.355633333333333,3108,0.0943666666666667,1069,0.2874,50000,0.0566666666666667,1069,0.783833333333333,47961,0.0381,50,0.995633333333333,50,0.0397666666666667,17380,0.0446666666666667,2088,0.0616666666666667,1069,0.206066666666667,50000,0.0467333333333333,9000,0.0530333333333333
"Gambel's Quail",1069,0.318666666666667,1069,0.367666666666667,50000,0.1249,13302,0.0580333333333333,11263,0.0809666666666667,11263,0.0641,50,0.1398,15340,0.0526666666666667,50,0.0793666666666667,21457,0.0807333333333333,25535,0.150033333333333,50000,0.1753,19418,0.139166666666667,50,0.131633333333333,9224,0.0885666666666667,1069,0.0695666666666667,29612,0.0485333333333333,2088,0.149366666666667,2000,0.0586,46000,0.0838666666666667
"Gila Woodpecker",5147,0.101233333333333,50,0.765333333333333,35728,0.1044,47961,0.0943333333333333,1069,0.0423666666666667,50000,0.0694666666666667,1069,0.0525,41845,0.0763333333333333,4128,0.130066666666667,45922,0.0755666666666667,39806,0.110133333333333,15340,0.0759333333333333,13302,0.0350333333333333,29612,0.0554666666666667,50000,0.0534,2088,0.0485666666666667,43883,0.0999,2088,0.125666666666667,1000,0.0362666666666667,30000,0.0602
"Glossy Ibis",39806,0.0491333333333333,3108,0.0470333333333333,13302,0.0524666666666667,1069,0.0548,50,0.0607333333333333,50000,0.0406333333333333,47961,0.0529666666666667,50000,0.0438,1069,0.121866666666667,1069,0.0448333333333333,5147,0.0440666666666667,1069,0.6963,50,0.0563666666666667,50,0.112766666666667,13302,0.0491333333333333,50,0.0645666666666667,50,0.1985,31651,0.0374666666666667,48000,0.0439,3000,0.0356333333333333
"Golden-crowned Kinglet",31651,0.0653333333333333,50,0.0887333333333333,50,0.1344,50,0.0798333333333333,1069,0.9941,47961,0.0643666666666667,1069,0.0562333333333333,50,0.312066666666667,10244,0.120366666666667,1069,0.0488666666666667,1069,0.780066666666667,21457,0.0478,25535,0.0761333333333333,4128,0.125666666666667,50,0.0457666666666667,50000,0.0701333333333333,50,0.1165,23496,0.0472,50000,0.0618333333333333,1000,0.686233333333333
"Golden-fronted Woodpecker",3108,0.1914,50,0.0768,39806,0.0754666666666667,50000,0.092,50000,0.0629666666666667,50,0.165866666666667,6166,0.0430666666666667,41845,0.0823666666666667,50000,0.0433,5147,0.0683666666666667,39806,0.0843333333333333,4128,0.0579,1069,0.0763333333333333,17380,0.162666666666667,8205,0.0863333333333333,43883,0.0431666666666667,39806,0.0488666666666667,1069,0.194633333333333,50000,0.0497666666666667,1000,0.0474333333333333
"Golden-winged Warbler",1069,0.134533333333333,8205,0.0445,50000,0.0742666666666667,3108,0.157166666666667,23496,0.0388666666666667,50,0.115166666666667,11263,0.115566666666667,7185,0.0544666666666667,50000,0.0920666666666667,2088,0.1412,1069,0.2589,50000,0.153766666666667,11263,0.0887,1069,0.0805666666666667,50000,0.0573666666666667,29612,0.0511333333333333,1069,0.158466666666667,1069,0.0952666666666667,14000,0.0376,3000,0.0996666666666667
"Golden Eagle",47961,0.0451666666666667,50000,0.0472,1069,0.0493333333333333,15340,0.1267,17380,0.0427333333333333,50000,0.0350666666666667,1069,0.157533333333333,50,0.0585,35728,0.0441,4128,0.0383333333333333,9224,0.04,1069,0.0451666666666667,17380,0.0358666666666667,50000,0.0391333333333333,33690,0.0354333333333333,50000,0.0405666666666667,4128,0.0361,1069,0.0511,1000,0.0353333333333333,40000,0.0408666666666667
"Grace's Warbler",21457,0.0654,4128,0.0447,41845,0.133266666666667,19418,0.0543333333333333,50,0.637166666666667,27574,0.0556,50,0.125833333333333,50,0.270666666666667,47961,0.0857,11263,0.0384,50,0.0451333333333333,50,0.0486666666666667,19418,0.0337333333333333,17380,0.0606,50,0.0449,50,0.0661333333333333,23496,0.0554,27574,0.0616666666666667,20000,0.0378666666666667,2000,0.0482666666666667
"Grasshopper Sparrow",1069,0.389266666666667,50,0.1548,11263,0.0457,50,0.939533333333333,50,0.135266666666667,50,0.116666666666667,2088,0.2485,1069,0.9997,1069,0.966466666666667,2088,0.250433333333333,1069,0.154966666666667,33690,0.0596666666666667,47961,0.0614333333333333,1069,0.208333333333333,41845,0.0571666666666667,50000,0.0588,1069,0.128,50000,0.0567666666666667,1000,0.04,32000,0.0476
"Gray Catbird",50000,0.134766666666667,50,0.999966666666667,50000,0.192033333333333,2088,0.1041,50,0.2818,13302,0.0706666666666667,50,0.454466666666667,35728,0.0562666666666667,43883,0.124766666666667,1069,0.858866666666667,50000,0.304,50000,0.162366666666667,50000,0.110233333333333,9224,0.141166666666667,50000,0.3184,50,0.9824,11263,0.0804666666666667,1069,0.161133333333333,50000,0.0878,20000,0.0959666666666667
"Gray Flycatcher",50,0.195566666666667,33690,0.0438666666666667,2088,0.1408,1069,0.0386333333333333,6166,0.0585666666666667,11263,0.0390333333333333,1069,0.1212,1069,0.0656,27574,0.0597,5147,0.0583,50000,0.06,50,0.0494666666666667,50,0.0486666666666667,1069,0.0807666666666667,50000,0.0770333333333333,17380,0.0635333333333333,13302,0.048,50000,0.0625333333333333,20000,0.035,1000,0.1841
"Great-tailed Grackle",2088,0.117066666666667,50,0.999533333333333,50,0.174633333333333,3108,0.2026,2088,0.358833333333333,7185,0.0507333333333333,1069,0.848666666666667,27574,0.0874666666666667,27574,0.0859333333333333,50000,0.0738333333333333,35728,0.0469666666666667,25535,0.0975666666666667,50000,0.1823,50,0.160966666666667,50000,0.108966666666667,5147,0.0552333333333333,25535,0.0646666666666667,50000,0.159433333333333,50000,0.0942333333333333,10000,0.0802333333333333
"Great Blue Heron",50,0.9962,50,0.775566666666667,1069,0.114866666666667,50,0.910033333333333,1069,0.4745,50,0.940466666666667,1069,0.219833333333333,7185,0.0482333333333333,29612,0.102066666666667,3108,0.1534,1069,0.899866666666667,50,0.99,2088,0.437,1069,0.9981,1069,0.879333333333333,50,0.9442,1069,0.4727,50,0.997066666666667,1000,0.0418333333333333,1000,0.1492
"Great Crested Flycatcher",50000,0.1301,50,0.989933333333333,2088,0.161866666666667,50,0.99,2088,0.411533333333333,50000,0.0840333333333333,1069,0.093,50000,0.115133333333333,50000,0.0431666666666667,2088,0.3318,23496,0.0823,41845,0.133366666666667,2088,0.222833333333333,4128,0.198333333333333,5147,0.119033333333333,17380,0.0585333333333333,43883,0.0915333333333333,50,0.838033333333333,50000,0.0422,10000,0.0704
"Great Egret",1069,0.9045,17380,0.0784666666666667,3108,0.104666666666667,2088,0.5111,1069,0.5807,1069,0.579866666666667,2088,0.0948333333333333,33690,0.0437,1069,0.440833333333333,50000,0.1495,1069,0.1163,50,0.970966666666667,1069,0.48,1069,0.967333333333333,3108,0.165033333333333,50,0.647033333333333,50,0.883766666666667,1069,0.4719,48000,0.0359333333333333,44000,0.0676666666666667
"Greater Roadrunner",6166,0.0567666666666667,2088,0.293933333333333,50000,0.0907333333333333,17380,0.0443333333333333,5147,0.0795333333333333,29612,0.0378666666666667,6166,0.0641666666666667,37767,0.039,3108,0.0516666666666667,6166,0.099,47961,0.0399333333333333,47961,0.0553,43883,0.0359,13302,0.0788,25535,0.0688666666666667,45922,0.0356,50000,0.0745666666666667,1069,0.0564666666666667,48000,0.0372,2000,0.0475666666666667
"Greater Yellowlegs",50,0.236266666666667,45922,0.0436,1069,0.225866666666667,47961,0.0585333333333333,7185,0.0639333333333333,8205,0.0439333333333333,50000,0.0436666666666667,43883,0.0404333333333333,2088,0.0433666666666667,17380,0.1072,17380,0.0503333333333333,1069,0.8305,45922,0.0573666666666667,2088,0.4746,47961,0.0478,43883,0.0431,8205,0.0503666666666667,1069,0.152,3000,0.0342,1000,0.0375333333333333
"Green-tailed Towhee",6166,0.1436,8205,0.0528666666666667,1069,0.0897,7185,0.0655,13302,0.1015,29612,0.0473666666666667,50,0.951366666666667,23496,0.0679666666666667,2088,0.0863333333333333,4128,0.0844,35728,0.0668333333333333,6166,0.128233333333333,50000,0.0343,50000,0.0839333333333333,27574,0.0995333333333333,1069,0.182366666666667,9224,0.0445,4128,0.1078,18000,0.0424333333333333,2000,0.230866666666667
"Green-winged Teal",1069,0.0552333333333333,1069,0.0469666666666667,13302,0.0370666666666667,23496,0.0393666666666667,27574,0.0396333333333333,5147,0.0401666666666667,4128,0.0398,9224,0.0689333333333333,21457,0.0476333333333333,25535,0.0412,6166,0.0425333333333333,50,0.0876,47961,0.0357333333333333,50,0.0482333333333333,29612,0.0365666666666667,10244,0.0366666666666667,45922,0.0465666666666667,1069,0.0452333333333333,42000,0.0372666666666667,18000,0.0374666666666667
"Green Heron",1069,0.492633333333333,5147,0.0436,2088,0.103,50000,0.121866666666667,2088,0.1362,1069,0.175433333333333,27574,0.0440333333333333,50000,0.0771,50,0.133533333333333,31651,0.0602666666666667,50,0.5493,50,0.99,1069,0.222033333333333,1069,0.193733333333333,50,0.498033333333333,50,0.497666666666667,2088,0.2507,1069,0.146366666666667,11000,0.0346,1000,0.203633333333333
"Hairy Woodpecker",5147,0.0495333333333333,1069,0.862633333333333,1069,0.0984333333333333,50,0.99,50,0.999233333333333,50,0.997966666666667,2088,0.200866666666667,17380,0.0559333333333333,50,0.0716666666666667,1069,0.206033333333333,50,0.277233333333333,50000,0.0968,50000,0.0468,43883,0.0636,1069,0.07,1069,0.2341,2088,0.0971333333333333,50,0.228933333333333,1000,0.158666666666667,5000,0.0871666666666667
"Hammond's Flycatcher",4128,0.0572666666666667,50000,0.0438333333333333,3108,0.0821333333333333,50000,0.0576,1069,0.311066666666667,45922,0.0459333333333333,2088,0.0534,50,0.0769666666666667,5147,0.0558333333333333,5147,0.0499333333333333,50,0.0849666666666667,50000,0.0742666666666667,5147,0.0383,5147,0.0652666666666667,39806,0.0541,50000,0.0492333333333333,3108,0.0462,50,0.0653666666666667,44000,0.0413,3000,0.0758666666666667
"Henslow's Sparrow",6166,0.0805333333333333,11263,0.0381666666666667,2088,0.0415333333333333,3108,0.0461,50000,0.0390666666666667,50000,0.0415666666666667,50000,0.0488666666666667,1069,0.0739666666666667,1069,0.813366666666667,50000,0.113566666666667,29612,0.0409333333333333,2088,0.0442333333333333,10244,0.0350666666666667,1069,0.0504666666666667,6166,0.0436,50000,0.0433333333333333,5147,0.0591666666666667,50000,0.0397,24000,0.0375333333333333,40000,0.0428333333333333
"Hermit Thrush",1069,0.721166666666667,50000,0.541266666666667,15340,0.1002,1069,0.119766666666667,1069,0.994266666666667,50,0.1821,4128,0.0699333333333333,27574,0.0564333333333333,11263,0.142033333333333,2088,0.340433333333333,50000,0.0910666666666667,2088,0.2942,9224,0.0454333333333333,1069,0.253166666666667,1069,0.0500333333333333,50000,0.0544,7185,0.1146,31651,0.1005,1000,0.673133333333333,1000,0.665933333333333
"Hermit Warbler",50,0.1046,1069,0.0435666666666667,50000,0.111266666666667,11263,0.0885666666666667,1069,0.7436,5147,0.1901,1069,0.202633333333333,9224,0.0409,7185,0.0553,21457,0.0629333333333333,50000,0.185566666666667,50,0.173566666666667,10244,0.0582666666666667,50000,0.124933333333333,11263,0.170866666666667,50,0.4256,1069,0.0581666666666667,39806,0.0492666666666667,1000,0.0640666666666667,1000,0.0864666666666667
"Herring Gull",50,0.3328,1069,0.4918,4128,0.0774,4128,0.156166666666667,1069,0.0407333333333333,50,0.241466666666667,45922,0.0437,47961,0.0403666666666667,1069,0.0489333333333333,1069,0.468666666666667,10244,0.0445666666666667,5147,0.1109,1069,0.997033333333333,1069,0.962933333333333,10244,0.0854666666666667,50,0.0802666666666667,8205,0.178,1069,0.184133333333333,2000,0.0429,8000,0.0415
"Hooded Merganser",47961,0.0440666666666667,50000,0.046,17380,0.0373,50,0.0405,29612,0.0459666666666667,1069,0.0478666666666667,50,0.0447,3108,0.0368666666666667,1069,0.1642,11263,0.0409666666666667,50,0.0634666666666667,50,0.2073,50,0.0699666666666667,50,0.109133333333333,50,0.1773,8205,0.0349,2088,0.0592,1069,0.0384333333333333,50000,0.0352333333333333,1000,0.0375
"Hooded Oriole",11263,0.0653666666666667,50000,0.0509666666666667,1069,0.0918333333333333,47961,0.0592333333333333,50,0.5222,7185,0.0865333333333333,50000,0.0927333333333333,13302,0.0459,50,0.0885666666666667,50,0.2504,50,0.1272,7185,0.1222,17380,0.180233333333333,2088,0.0632333333333333,50,0.0873,50,0.152666666666667,27574,0.0696333333333333,3108,0.1286,1000,0.0432,50000,0.105533333333333
"Hooded Warbler",1069,0.1742,9224,0.0470333333333333,33690,0.127633333333333,1069,0.8149,50,0.7955,1069,0.2764,2088,0.0692,50000,0.0532333333333333,1069,0.650533333333333,1069,0.198766666666667,27574,0.0582666666666667,1069,0.140566666666667,47961,0.0588666666666667,1069,0.154633333333333,35728,0.0496333333333333,50,0.2263,50,0.0529333333333333,1069,0.217666666666667,50000,0.0362666666666667,9000,0.0455
"Horned Lark",1069,0.934166666666667,19418,0.0786333333333333,1069,0.0400333333333333,1069,0.934566666666667,2088,0.1065,1069,0.406866666666667,1069,0.450833333333333,1069,0.999433333333333,50000,0.088,50,0.99,1069,0.9808,50,0.499833333333333,1069,0.126866666666667,1069,0.213966666666667,2088,0.1732,50,0.3077,50,0.0684333333333333,31651,0.0644666666666667,18000,0.0354666666666667,1000,0.0688
"House Finch",1069,0.99,50,0.5671,23496,0.0890666666666667,50,0.475533333333333,50,0.960766666666667,9224,0.0999,50,0.353766666666667,25535,0.0799,1069,0.6582,4128,0.0767333333333333,50,0.971366666666667,50,0.99,4128,0.412366666666667,50,0.860766666666667,29612,0.105133333333333,1069,0.0408666666666667,50000,0.269933333333333,6166,0.211433333333333,50000,0.0994666666666667,5000,0.1065
"House Sparrow",1069,0.99,1069,0.999266666666667,4128,0.0940333333333333,50,0.99,43883,0.1559,1069,0.782833333333333,35728,0.0522333333333333,50,0.873866666666667,3108,0.235566666666667,1069,0.757233333333333,50,0.99,50000,0.4049,4128,0.376566666666667,50,0.194633333333333,47961,0.1756,2088,0.131766666666667,37767,0.0906333333333333,50,0.998433333333333,50000,0.0558,50000,0.158366666666667
"House Wren",1069,0.622233333333333,50,0.99,45922,0.0886333333333333,1069,0.996766666666667,50000,0.2563,23496,0.0786333333333333,1069,0.119166666666667,1069,0.5516,1069,0.428166666666667,50000,0.5492,50000,0.370033333333333,50,0.411166666666667,1069,0.267866666666667,50,0.4751,50000,0.3598,4128,0.122066666666667,23496,0.0748666666666667,13302,0.141633333333333,1000,0.0845333333333333,1000,0.457733333333333
"Hutton's Vireo",50,0.157666666666667,1069,0.0523,4128,0.1105,4128,0.0511333333333333,1069,0.0974333333333333,8205,0.164866666666667,33690,0.0409,1069,0.0770333333333333,50,0.0824,4128,0.0387666666666667,17380,0.0559333333333333,7185,0.0853666666666667,3108,0.0542666666666667,50,0.087,15340,0.0555,21457,0.0439333333333333,25535,0.0544,1069,0.324133333333333,1000,0.047,5000,0.0496666666666667
"Inca Dove",29612,0.0738666666666667,9224,0.118266666666667,4128,0.047,50000,0.0653666666666667,1069,0.0683,50000,0.0573,11263,0.0612333333333333,11263,0.0401666666666667,27574,0.0551333333333333,4128,0.0651333333333333,50000,0.0713,50,0.0594,3108,0.203,4128,0.0590666666666667,1069,0.1469,2088,0.0406666666666667,9224,0.066,1069,0.0917,46000,0.0342666666666667,1000,0.0496333333333333
"Indigo Bunting",1069,0.99,50000,0.167466666666667,50000,0.0983333333333333,1069,0.376366666666667,50000,0.0841333333333333,27574,0.0651,1069,0.978233333333333,39806,0.0919666666666667,1069,0.629266666666667,6166,0.494633333333333,50000,0.0952333333333333,50,0.226933333333333,11263,0.283,50000,0.284433333333333,45922,0.0912333333333333,37767,0.0379333333333333,1069,0.962666666666667,25535,0.102733333333333,50000,0.118466666666667,38000,0.0753
"Juniper Titmouse",50,0.0492,2088,0.0525,50000,0.0681666666666667,21457,0.0512333333333333,4128,0.376366666666667,7185,0.0467333333333333,39806,0.0724,50,0.0583333333333333,1069,0.0491333333333333,1069,0.0557666666666667,23496,0.0465,7185,0.0705333333333333,33690,0.0480333333333333,4128,0.0415666666666667,7185,0.0512666666666667,4128,0.0596666666666667,3108,0.194466666666667,17380,0.0527,1000,0.0457333333333333,4000,0.0715
"Kentucky Warbler",3108,0.108366666666667,11263,0.0565666666666667,39806,0.0472666666666667,50,0.667766666666667,50,0.499666666666667,1069,0.0543666666666667,2088,0.0566666666666667,41845,0.0388,50000,0.0758333333333333,1069,0.0478666666666667,50,0.0716,45922,0.0413333333333333,45922,0.0422333333333333,29612,0.0461,39806,0.0916666666666667,50000,0.04,1069,0.2617,50,0.180966666666667,3000,0.0371666666666667,50000,0.0669333333333333
"Killdeer",50,0.9936,1069,0.982066666666667,1069,0.939066666666667,50,0.99,6166,0.1615,50,0.995366666666667,1069,0.774033333333333,1069,0.988133333333333,1069,0.970133333333333,1069,0.99,50,0.9945,1069,0.99,23496,0.189566666666667,50,0.851833333333333,50,0.0878,2088,0.053,1069,0.1866,1069,0.624666666666667,34000,0.0355,1000,0.071
"Ladder-backed Woodpecker",9224,0.137233333333333,1069,0.1233,6166,0.0734666666666667,50,0.0581666666666667,7185,0.0637,50,0.0455666666666667,15340,0.0437666666666667,50,0.157533333333333,10244,0.05,43883,0.0512666666666667,45922,0.0694666666666667,50,0.0760333333333333,39806,0.0392,27574,0.0773666666666667,50,0.0526,3108,0.0569333333333333,2088,0.0833,8205,0.0919333333333333,50000,0.0516666666666667,4000,0.0810333333333333
"Lark Bunting",1069,0.174733333333333,2088,0.0514333333333333,31651,0.0618666666666667,3108,0.0433666666666667,13302,0.0909333333333333,8205,0.0410333333333333,17380,0.0347666666666667,50000,0.0668333333333333,17380,0.0476666666666667,50,0.118566666666667,17380,0.104933333333333,39806,0.0915666666666667,2088,0.0396666666666667,37767,0.0588666666666667,50000,0.0548333333333333,41845,0.0381333333333333,6166,0.0534666666666667,1069,0.0557666666666667,2000,0.0369666666666667,28000,0.0385
"Lark Sparrow",1069,0.5843,50000,0.0883333333333333,33690,0.0498666666666667,1069,0.0696,2088,0.0579666666666667,21457,0.0429,1069,0.811933333333333,2088,0.187933333333333,45922,0.0487,50000,0.0772333333333333,50,0.3398,50,0.0620333333333333,21457,0.0370333333333333,33690,0.0637333333333333,33690,0.0397,2088,0.0689666666666667,33690,0.0467666666666667,1069,0.0471333333333333,3000,0.0372333333333333,1000,0.212166666666667
"Laughing Gull",50,0.240633333333333,1069,0.305666666666667,15340,0.186566666666667,50000,0.1659,1069,0.380733333333333,50000,0.1147,6166,0.0515666666666667,29612,0.0422333333333333,50,0.0706666666666667,50000,0.0428666666666667,50000,0.3185,6166,0.121733333333333,1069,0.949833333333333,21457,0.0586666666666667,50,0.482666666666667,50,0.274433333333333,1069,0.260366666666667,1069,0.1188,1000,0.0513333333333333,50000,0.0456333333333333
"Lazuli Bunting",35728,0.0398333333333333,50,0.0694333333333333,5147,0.0399,29612,0.0546666666666667,1069,0.105333333333333,1069,0.162966666666667,1069,0.490833333333333,1069,0.2765,50000,0.0974,50000,0.0559666666666667,1069,0.1459,9224,0.0529333333333333,4128,0.0371333333333333,50,0.189,50000,0.211333333333333,50,0.396066666666667,47961,0.0546666666666667,2088,0.361933333333333,3000,0.0526333333333333,7000,0.0539666666666667
"Least Flycatcher",47961,0.0827,50000,0.0747666666666667,2088,0.194833333333333,50,0.9999,50,0.0678666666666667,1069,0.0657,4128,0.0516,47961,0.0370666666666667,50000,0.0544,3108,0.0614,10244,0.0693,50000,0.0616,10244,0.0656333333333333,3108,0.0814,7185,0.0492666666666667,7185,0.0488,3108,0.115166666666667,50,0.177533333333333,26000,0.0385333333333333,50000,0.0536666666666667
"Least Tern",1069,0.1015,1069,0.1454,21457,0.131333333333333,1069,0.0752666666666667,1069,0.1616,1069,0.0632666666666667,8205,0.0397666666666667,50,0.1965,45922,0.0646666666666667,50000,0.103,1069,0.0497666666666667,29612,0.0531333333333333,1069,0.498666666666667,2088,0.154366666666667,4128,0.342166666666667,45922,0.0356666666666667,1069,0.309033333333333,2088,0.300666666666667,6000,0.0346333333333333,40000,0.0397
"Lesser Goldfinch",2088,0.263833333333333,15340,0.120733333333333,1069,0.4506,50000,0.0437333333333333,1069,0.714466666666667,1069,0.1957,3108,0.236933333333333,2088,0.1024,25535,0.0805,37767,0.1022,47961,0.139033333333333,2088,0.521533333333333,1069,0.516166666666667,35728,0.0836666666666667,37767,0.0888333333333333,50,0.0904666666666667,43883,0.132433333333333,23496,0.0776333333333333,1000,0.0423333333333333,4000,0.136533333333333
"Lesser Scaup",43883,0.0516,2088,0.0415,25535,0.0458333333333333,47961,0.0433333333333333,1069,0.0932,50000,0.0392,13302,0.0395,17380,0.0525333333333333,1069,0.0789,1069,0.2584,47961,0.0428333333333333,50,0.3993,23496,0.0367666666666667,50,0.133333333333333,25535,0.0524666666666667,50000,0.0389,6166,0.0489,2088,0.0625333333333333,50000,0.0379333333333333,50000,0.0545333333333333
"Limpkin",1069,0.0683,50,0.0552333333333333,23496,0.116633333333333,43883,0.0360333333333333,50,0.0709,2088,0.0775666666666667,1069,0.0740666666666667,13302,0.0494666666666667,29612,0.0717666666666667,50,0.0451333333333333,1069,0.212566666666667,31651,0.0451333333333333,4128,0.0501333333333333,50000,0.0885666666666667,50,0.346766666666667,1069,0.0398,50,0.379866666666667,50000,0.0454333333333333,50000,0.0380666666666667,4000,0.0358
"Lincoln's Sparrow",1069,0.0723333333333333,1069,0.0446666666666667,50,0.0641666666666667,8205,0.0622,1069,0.129133333333333,5147,0.0543333333333333,43883,0.0405666666666667,5147,0.0423666666666667,19418,0.0457333333333333,31651,0.0589666666666667,50,0.321566666666667,50,0.280233333333333,50000,0.036,1069,0.0424333333333333,45922,0.0383333333333333,4128,0.049,50,0.0528333333333333,1069,0.1407,1000,0.0428,3000,0.099
"Little Blue Heron",1069,0.155033333333333,3108,0.0528,9224,0.0524333333333333,4128,0.0782666666666667,50,0.1047,50,0.0896333333333333,2088,0.0727,9224,0.0433666666666667,50000,0.2352,4128,0.190866666666667,1069,0.295633333333333,7185,0.1228,6166,0.0825,50,0.311966666666667,35728,0.182466666666667,50,0.0791666666666667,3108,0.1259,5147,0.0640666666666667,46000,0.0356,1000,0.0354
"Loggerhead Shrike",1069,0.2385,50000,0.0444333333333333,25535,0.0827333333333333,1069,0.0586,2088,0.0908333333333333,4128,0.0592333333333333,50,0.4185,2088,0.2931,1069,0.228733333333333,27574,0.0534,25535,0.0394666666666667,25535,0.0583333333333333,10244,0.0711333333333333,50000,0.0955,11263,0.150966666666667,4128,0.0359333333333333,50000,0.1018,21457,0.0424666666666667,1000,0.0354333333333333,1000,0.0472333333333333
"Long-billed Curlew",1069,0.1454,50,0.0473333333333333,17380,0.0415666666666667,47961,0.0361666666666667,50,0.0653333333333333,35728,0.0370333333333333,43883,0.0509,7185,0.132066666666667,1069,0.0988333333333333,19418,0.0680333333333333,50,0.0494,5147,0.1165,1069,0.428633333333333,15340,0.0388333333333333,29612,0.0490333333333333,5147,0.0397333333333333,37767,0.0655666666666667,1069,0.232033333333333,9000,0.0356,18000,0.0439333333333333
"Louisiana Waterthrush",1069,0.225433333333333,13302,0.0504,43883,0.05,1069,0.190233333333333,50,0.0486333333333333,1069,0.261333333333333,2088,0.0661,45922,0.0382,1069,0.0494333333333333,45922,0.0361666666666667,50,0.2811,4128,0.0578,9224,0.0358333333333333,35728,0.0373666666666667,50000,0.0436,50000,0.0601333333333333,6166,0.0450333333333333,1069,0.2475,48000,0.0404,1000,0.0811333333333333
"Lucy's Warbler",5147,0.0553,2088,0.0534,50000,0.0622333333333333,31651,0.0556,1069,0.0506,9224,0.0424333333333333,50,0.0633333333333333,17380,0.0478333333333333,10244,0.0597333333333333,2088,0.0589,50,0.8202,31651,0.0485333333333333,21457,0.0339333333333333,5147,0.057,1069,0.1186,4128,0.0579,1069,0.118366666666667,19418,0.0676,26000,0.0450666666666667,1000,0.0549666666666667
"MacGillivray's Warbler",1069,0.674233333333333,6166,0.0563666666666667,50,0.0529666666666667,1069,0.670766666666667,7185,0.169433333333333,50,0.0762333333333333,1069,0.1468,27574,0.0729333333333333,3108,0.0925666666666667,9224,0.0470666666666667,50,0.115933333333333,50,0.0514666666666667,7185,0.0367333333333333,50,0.0794666666666667,8205,0.0671,50,0.310633333333333,21457,0.0610666666666667,5147,0.207,1000,0.105333333333333,1000,0.179733333333333
"Magnolia Warbler",15340,0.0556666666666667,2088,0.0468333333333333,11263,0.0763333333333333,17380,0.0737,50,0.995566666666667,50000,0.144866666666667,6166,0.201266666666667,31651,0.0473333333333333,1069,0.169666666666667,2088,0.0449,50,0.474466666666667,50000,0.0724333333333333,15340,0.0561666666666667,1069,0.171333333333333,9224,0.0560333333333333,43883,0.0403333333333333,50000,0.1173,43883,0.0448333333333333,1000,0.113666666666667,1000,0.0541666666666667
"Mallard",50,0.952633333333333,7185,0.1874,50,0.1164,1069,0.949466666666667,2088,0.348066666666667,1069,0.498533333333333,2088,0.218266666666667,50,0.420366666666667,15340,0.0754666666666667,1069,0.760533333333333,1069,0.563566666666667,50,0.99,2088,0.151066666666667,50,0.964766666666667,50,0.2123,47961,0.0380333333333333,1069,0.994733333333333,50,0.608233333333333,1000,0.0465666666666667,48000,0.0578666666666667
"Marbled Godwit",1069,0.0582666666666667,2088,0.0452666666666667,21457,0.0406,50,0.0406666666666667,10244,0.0524333333333333,19418,0.0563,39806,0.0612666666666667,47961,0.0521333333333333,50000,0.0553,2088,0.315533333333333,50,0.0526666666666667,1069,0.149333333333333,2088,0.0808333333333333,45922,0.0398333333333333,6166,0.0522333333333333,31651,0.0526666666666667,1069,0.0911,23496,0.0430333333333333,50000,0.0351,36000,0.0395333333333333
"Marsh Wren",50,0.279366666666667,50,0.134333333333333,23496,0.0601666666666667,1069,0.306,6166,0.0730666666666667,50,0.0573666666666667,50,0.101866666666667,50,0.0742666666666667,35728,0.0685666666666667,6166,0.0629333333333333,50000,0.0889,1069,0.99,10244,0.0408333333333333,50000,0.0679666666666667,17380,0.109133333333333,50,0.0555333333333333,1069,0.0458333333333333,50,0.3063,50000,0.0478,20000,0.0376333333333333
"Merlin",27574,0.0522,2088,0.0968333333333333,50000,0.0374,2088,0.0549,5147,0.0385666666666667,21457,0.0806,43883,0.0360666666666667,5147,0.0358666666666667,13302,0.041,5147,0.0356333333333333,3108,0.0402333333333333,2088,0.037,11263,0.0376,50,0.0713333333333333,23496,0.0400666666666667,50,0.0345333333333333,6166,0.0602666666666667,17380,0.0349666666666667,32000,0.0348666666666667,50000,0.0369333333333333
"Mississippi Kite",1069,0.995,50000,0.1058,50,0.0762666666666667,50,0.084,8205,0.0416,50000,0.0612333333333333,50,0.0572,15340,0.0803333333333333,7185,0.111233333333333,8205,0.0441666666666667,1069,0.192566666666667,17380,0.0525666666666667,50,0.0463666666666667,8205,0.0838333333333333,10244,0.0672666666666667,50,0.0372333333333333,50000,0.0567333333333333,50000,0.0519,48000,0.0388666666666667,50000,0.0469666666666667
"Mottled Duck",15340,0.0506,2088,0.0729333333333333,1069,0.2256,39806,0.0365666666666667,27574,0.0701666666666667,50000,0.0414666666666667,35728,0.0356666666666667,5147,0.0632666666666667,50,0.0518666666666667,2088,0.0708,41845,0.0497,50,0.3868,45922,0.122466666666667,2088,0.0512,41845,0.1041,50000,0.0454,50,0.0455666666666667,8205,0.0709,50000,0.0400666666666667,1000,0.0384
"Mountain Bluebird",1069,0.2226,1069,0.1149,7185,0.0476,43883,0.0504333333333333,1069,0.580333333333333,1069,0.0611,1069,0.652,50,0.641266666666667,50000,0.0606,47961,0.0408666666666667,29612,0.0412,17380,0.0505666666666667,27574,0.0358666666666667,35728,0.0390666666666667,25535,0.0548,50,0.189,1069,0.0575666666666667,2088,0.141133333333333,1000,0.0564666666666667,3000,0.0713666666666667
"Mountain Chickadee",23496,0.1226,50,0.0766666666666667,3108,0.105766666666667,50000,0.1352,1069,0.809,50000,0.1035,1069,0.202466666666667,1069,0.127733333333333,50000,0.147533333333333,13302,0.0434666666666667,45922,0.0909,3108,0.0476333333333333,33690,0.0639,35728,0.0524333333333333,45922,0.151166666666667,50,0.688733333333333,50,0.0737,1069,0.347333333333333,18000,0.0604666666666667,1000,0.6478
"Mountain Quail",1069,0.0540666666666667,4128,0.0406,50000,0.0953666666666667,1069,0.0398,2088,0.0459333333333333,9224,0.0706333333333333,50,0.0654666666666667,50000,0.0441666666666667,19418,0.0435666666666667,17380,0.0385,50,0.0472,33690,0.0518,9224,0.0364333333333333,4128,0.0434666666666667,17380,0.0387666666666667,50,0.112533333333333,17380,0.125933333333333,2088,0.153666666666667,50000,0.0453333333333333,4000,0.0614
"Mourning Dove",50,0.5741,50,0.998733333333333,50,0.886933333333333,50,0.9846,50000,0.406666666666667,6166,0.114966666666667,50000,0.0688333333333333,2088,0.199933333333333,1069,0.319566666666667,3108,0.3682,37767,0.0862,50000,0.0666,6166,0.225233333333333,1069,0.283733333333333,1069,0.0587666666666667,1069,0.108733333333333,13302,0.0540666666666667,5147,0.1522,1000,0.0456,2000,0.217333333333333
"Mourning Warbler",1069,0.184433333333333,1069,0.0521333333333333,19418,0.0948333333333333,1069,0.7502,15340,0.0754,33690,0.0855333333333333,29612,0.0681,15340,0.0694666666666667,50,0.133066666666667,50000,0.0552666666666667,35728,0.0948333333333333,2088,0.0807333333333333,50,0.0457666666666667,50,0.369433333333333,45922,0.0537666666666667,50,0.0824666666666667,45922,0.100966666666667,1069,0.133533333333333,2000,0.0543666666666667,1000,0.0720333333333333
"Mute Swan",2088,0.0647333333333333,3108,0.0909333333333333,50,0.0871666666666667,50,0.0504,1069,0.0635,5147,0.0371,47961,0.0617,2088,0.0405666666666667,50,0.0520333333333333,1069,0.0508333333333333,2088,0.0571333333333333,50,0.198466666666667,50000,0.0922333333333333,50,0.9961,50,0.446033333333333,50,0.0582,1069,0.300766666666667,1069,0.0722,48000,0.0382,40000,0.0397333333333333
"Nashville Warbler",2088,0.1725,50000,0.335333333333333,5147,0.0714,50000,0.0791,50,0.1863,21457,0.143066666666667,3108,0.116966666666667,33690,0.0878333333333333,1069,0.221766666666667,2088,0.379433333333333,4128,0.184,33690,0.0496666666666667,10244,0.0857666666666667,1069,0.9822,1069,0.0843,33690,0.0497666666666667,41845,0.0758666666666667,13302,0.058,50000,0.0386,1000,0.0682333333333333
"Neotropic Cormorant",1069,0.0861333333333333,2088,0.0474333333333333,10244,0.0426666666666667,5147,0.0468,17380,0.0429,11263,0.0480333333333333,17380,0.0691333333333333,50000,0.0707333333333333,10244,0.0417666666666667,4128,0.0543666666666667,11263,0.0391666666666667,2088,0.17,47961,0.0539666666666667,1069,0.822466666666667,29612,0.0599,50,0.0354666666666667,33690,0.0589333333333333,3108,0.0472333333333333,42000,0.0344666666666667,32000,0.0354666666666667
"Northern Cardinal",2088,0.8847,50,0.99,50,0.9555,1069,0.911166666666667,1069,0.738866666666667,19418,0.0714333333333333,3108,0.232766666666667,4128,0.0481,3108,0.7054,50000,0.181433333333333,1069,0.247533333333333,50,0.964066666666667,31651,0.123466666666667,50000,0.242566666666667,1069,0.350666666666667,1069,0.531566666666667,1069,0.957,35728,0.1114,50000,0.089,50000,0.651866666666667
"Northern Flicker",3108,0.0924666666666667,50,0.99,2088,0.0747,3108,0.136233333333333,50000,0.2852,50000,0.0656333333333333,50000,0.0663333333333333,3108,0.130933333333333,3108,0.0914333333333333,50,0.125266666666667,50,0.5023,3108,0.0749666666666667,50,0.355833333333333,5147,0.0444333333333333,33690,0.0819,50000,0.1003,50,0.356066666666667,1069,0.105166666666667,1000,0.0673,5000,0.0954
"Northern Mockingbird",37767,0.142766666666667,8205,0.125433333333333,50000,0.189,50,0.99,50,0.99,50,0.942333333333333,1069,0.178933333333333,1069,0.335733333333333,1069,0.9003,50000,0.506933333333333,50,0.9999,17380,0.082,37767,0.0900666666666667,43883,0.104033333333333,39806,0.0749,7185,0.1103,50,0.106533333333333,50000,0.250333333333333,1000,0.0451666666666667,50000,0.6849
"Northern Parula",1069,0.3334,1069,0.0916666666666667,50,0.259066666666667,1069,0.7752,1069,0.4152,1069,0.836566666666667,5147,0.054,50,0.0675,50,0.217366666666667,1069,0.425366666666667,50,0.131433333333333,50,0.179466666666667,50000,0.211833333333333,2088,0.852166666666667,50000,0.1264,50,0.0988666666666667,50000,0.1354,50,0.932233333333333,48000,0.0663,34000,0.093
"Northern Pintail",1069,0.0879,1069,0.119733333333333,47961,0.0441333333333333,4128,0.0515,13302,0.0634,1069,0.0392,21457,0.0646,50000,0.0513,1069,0.156033333333333,2088,0.0827666666666667,50,0.0938,50,0.1448,37767,0.0374333333333333,50000,0.0436,31651,0.0416,47961,0.0360333333333333,50000,0.0617333333333333,50,0.0994,50000,0.0449,48000,0.0411666666666667
"Northern Rough-winged Swallow",1069,0.668766666666667,1069,0.0876666666666667,1069,0.0860333333333333,50,0.985966666666667,50,0.4354,6166,0.0670666666666667,50,0.0366,1069,0.0913,27574,0.0507333333333333,50,0.262533333333333,50000,0.0902666666666667,37767,0.0871666666666667,39806,0.0626666666666667,50,0.9845,1069,0.807733333333333,50,0.0599,1069,0.2571,50000,0.165333333333333,1000,0.0400333333333333,1000,0.208066666666667
"Northern Shoveler",6166,0.0803,7185,0.0599,37767,0.0548333333333333,23496,0.0470333333333333,1069,0.135333333333333,6166,0.0510666666666667,50,0.0545666666666667,41845,0.046,2088,0.118866666666667,50,0.308266666666667,19418,0.0470666666666667,4128,0.0964,37767,0.0369333333333333,50,0.468866666666667,2088,0.0396333333333333,35728,0.0348666666666667,1069,0.0741,10244,0.0575,32000,0.0367333333333333,9000,0.0360333333333333
"Northern Waterthrush",2088,0.0664333333333333,50000,0.0497333333333333,2088,0.0552666666666667,50000,0.0527666666666667,1069,0.3281,8205,0.159233333333333,50000,0.0565666666666667,50,0.0773666666666667,1069,0.0688,2088,0.0883333333333333,50,0.99,50,0.0669,17380,0.0523666666666667,2088,0.0670333333333333,47961,0.0441666666666667,50,0.0499333333333333,50000,0.0596,1069,0.0782,44000,0.0352333333333333,50000,0.0556666666666667
"Nuttall's Woodpecker",1069,0.0912666666666667,50,0.797733333333333,19418,0.0759666666666667,35728,0.0655,50000,0.0546666666666667,50,0.106266666666667,1069,0.0612333333333333,13302,0.0792333333333333,50,0.0954333333333333,4128,0.146066666666667,2088,0.543233333333333,13302,0.106466666666667,2088,0.0969666666666667,33690,0.0974,50,0.0728333333333333,3108,0.107466666666667,27574,0.0443666666666667,50,0.0951333333333333,36000,0.0365333333333333,7000,0.0633333333333333
"Oak Titmouse",3108,0.1719,50,0.2301,50,0.115066666666667,41845,0.0646333333333333,1069,0.1663,3108,0.2442,50,0.261066666666667,50000,0.176266666666667,50,0.2055,8205,0.1007,25535,0.0845333333333333,33690,0.0697,4128,0.199366666666667,2088,0.231133333333333,50000,0.0990666666666667,10244,0.0538666666666667,39806,0.1686,1069,0.161733333333333,3000,0.0443,5000,0.0756666666666667
"Olive-sided Flycatcher",1069,0.1232,7185,0.121966666666667,33690,0.0704333333333333,13302,0.0547333333333333,2088,0.296733333333333,6166,0.0386666666666667,50000,0.0486333333333333,43883,0.0461333333333333,23496,0.0373666666666667,1069,0.0462,41845,0.0465,2088,0.0550666666666667,39806,0.0782666666666667,1069,0.0753,50000,0.0465,50,0.0503,35728,0.0525333333333333,50,0.0908333333333333,26000,0.0419,1000,0.206766666666667
"Orange-crowned Warbler",50,0.0721666666666667,5147,0.0600666666666667,7185,0.0404,7185,0.1014,1069,0.146833333333333,2088,0.115533333333333,47961,0.0422,50,0.062,15340,0.0782666666666667,50000,0.0654,50000,0.0597333333333333,37767,0.0976333333333333,50,0.0633666666666667,50000,0.0869666666666667,15340,0.0571333333333333,23496,0.0449666666666667,13302,0.0599666666666667,1069,0.203366666666667,3000,0.0389666666666667,1000,0.0763666666666667
"Orchard Oriole",1069,0.6299,50000,0.218033333333333,50,0.069,1069,0.0889333333333333,4128,0.0820333333333333,41845,0.0416333333333333,1069,0.0619,3108,0.0579666666666667,50,0.8896,2088,0.399233333333333,50,0.0466,25535,0.0642666666666667,50,0.0402,2088,0.0626666666666667,45922,0.144866666666667,50,0.0784,1069,0.589766666666667,50000,0.0793666666666667,1000,0.0361333333333333,1000,0.101066666666667
"Osprey",50,0.298233333333333,21457,0.0622333333333333,21457,0.0501333333333333,50,0.140566666666667,50000,0.2342,50000,0.0728,15340,0.0490333333333333,50,0.2728,50000,0.0625333333333333,50,0.0633333333333333,50000,0.0861333333333333,1069,0.5327,1069,0.922233333333333,1069,0.999833333333333,1069,0.999933333333333,50,0.1128,7185,0.0938666666666667,50,0.538233333333333,36000,0.0354,1000,0.171
"Ovenbird",1069,0.8125,15340,0.429533333333333,37767,0.123866666666667,50,0.99,1069,0.822933333333333,50,0.99,50,0.130466666666667,1069,0.2341,1069,0.578466666666667,4128,0.350566666666667,45922,0.1892,3108,0.2941,3108,0.117133333333333,1069,0.9486,50000,0.115633333333333,50,0.0541333333333333,10244,0.0975,50,0.148833333333333,1000,0.399366666666667,1000,0.790533333333333
"Pacific Wren",50,0.0727666666666667,5147,0.174666666666667,23496,0.0771,35728,0.0388333333333333,50,0.998,50,0.271233333333333,33690,0.0685,50,0.0888,50,0.0539333333333333,6166,0.0414,19418,0.0894,1069,0.0538333333333333,41845,0.0665666666666667,47961,0.0583,45922,0.0762333333333333,50,0.115866666666667,27574,0.0535,1069,0.6418,30000,0.0626,5000,0.0442666666666667
"Painted Bunting",1069,0.511233333333333,1069,0.4474,39806,0.0739,25535,0.0451666666666667,8205,0.0734666666666667,50000,0.0519666666666667,50000,0.0420666666666667,1069,0.1276,4128,0.176866666666667,7185,0.0522,3108,0.142966666666667,3108,0.285433333333333,21457,0.103633333333333,2088,0.110866666666667,33690,0.0720333333333333,50000,0.0705,50,0.0865333333333333,50,0.0813,48000,0.0473666666666667,6000,0.0495333333333333
"Phainopepla",1069,0.0627,1069,0.155033333333333,6166,0.0700333333333333,43883,0.0543,7185,0.0589666666666667,4128,0.0570333333333333,1069,0.226366666666667,50000,0.0511666666666667,19418,0.0781,27574,0.0441333333333333,1069,0.163966666666667,21457,0.0664666666666667,50000,0.0723666666666667,1069,0.0552,50000,0.0452666666666667,50,0.0969,33690,0.1052,17380,0.103766666666667,1000,0.0377333333333333,1000,0.0411666666666667
"Pied-billed Grebe",50,0.6429,15340,0.0436333333333333,1069,0.405166666666667,1069,0.0815,50,0.0571333333333333,2088,0.137466666666667,1069,0.0809,4128,0.135966666666667,31651,0.0442333333333333,3108,0.148133333333333,50,0.0999666666666667,50,0.950133333333333,4128,0.0583,50,0.984633333333333,13302,0.0416333333333333,3108,0.0352,1069,0.244833333333333,1069,0.1134,28000,0.0352333333333333,46000,0.0402666666666667
"Pileated Woodpecker",35728,0.0642666666666667,1069,0.9189,50,0.14,1069,0.732466666666667,2088,0.1482,1069,0.4086,1069,0.116866666666667,50000,0.0548333333333333,1069,0.161,1069,0.149033333333333,1069,0.717866666666667,50000,0.0862333333333333,1069,0.1991,9224,0.1663,19418,0.126933333333333,50,0.0629,33690,0.0794,2088,0.0537,50000,0.0381666666666667,1000,0.0991333333333333
"Pine Siskin",1069,0.149333333333333,13302,0.0473,2088,0.0559,3108,0.0735,1069,0.822966666666667,39806,0.0751,41845,0.0481,29612,0.0626,50000,0.0673333333333333,47961,0.125766666666667,50,0.0930333333333333,3108,0.0967,25535,0.0649666666666667,50000,0.0722,7185,0.0391666666666667,50,0.134466666666667,50000,0.0899666666666667,1069,0.103166666666667,50000,0.0620666666666667,1000,0.218133333333333
"Pine Warbler",1069,0.4047,50,0.364633333333333,45922,0.159366666666667,50000,0.0677666666666667,1069,0.988133333333333,7185,0.253633333333333,3108,0.0625333333333333,50000,0.1824,1069,0.652633333333333,1069,0.186666666666667,50000,0.4005,50000,0.0475333333333333,50000,0.0600666666666667,1069,0.1939,50000,0.0846,1069,0.169933333333333,4128,0.106966666666667,50,0.0802,1000,0.0549,50000,0.0781333333333333
"Pinyon Jay",11263,0.0455,47961,0.0554,41845,0.0493666666666667,17380,0.0416333333333333,3108,0.272233333333333,4128,0.0526,1069,0.0951333333333333,31651,0.0396333333333333,7185,0.0518666666666667,50000,0.0411666666666667,10244,0.0627333333333333,15340,0.0777333333333333,50,0.0529333333333333,8205,0.0579333333333333,41845,0.0379666666666667,47961,0.0422,25535,0.0781333333333333,4128,0.0787333333333333,2000,0.0385,3000,0.0747
"Plumbeous Vireo",1069,0.233533333333333,1069,0.0572333333333333,43883,0.0490666666666667,1069,0.328033333333333,50,0.743266666666667,50,0.204233333333333,5147,0.0977333333333333,50000,0.0475,9224,0.0449666666666667,45922,0.0568666666666667,15340,0.0521666666666667,7185,0.0672333333333333,45922,0.208733333333333,25535,0.0429333333333333,43883,0.0782666666666667,4128,0.0707666666666667,50000,0.0871,3108,0.0677333333333333,5000,0.0629333333333333,4000,0.103133333333333
"Prairie Warbler",1069,0.563466666666667,3108,0.0600666666666667,50000,0.0709666666666667,1069,0.0869666666666667,2088,0.201266666666667,11263,0.105566666666667,1069,0.994033333333333,1069,0.301133333333333,13302,0.0590333333333333,3108,0.043,2088,0.2421,5147,0.0623333333333333,35728,0.0424333333333333,1069,0.1563,3108,0.0856,50000,0.051,50000,0.0745,35728,0.0388,44000,0.0338666666666667,50000,0.0693
"Prothonotary Warbler",1069,0.100933333333333,50000,0.0855,1069,0.0850666666666667,1069,0.0467,50,0.0394666666666667,50,0.0720333333333333,1069,0.0627,17380,0.0399333333333333,1069,0.0721,6166,0.0551,50,0.803233333333333,1069,0.4135,5147,0.0579333333333333,1069,0.395033333333333,25535,0.0555333333333333,1069,0.0628333333333333,2088,0.0907,50000,0.0514333333333333,44000,0.0346666666666667,24000,0.0372333333333333
"Purple Finch",8205,0.103466666666667,1069,0.4227,1069,0.157666666666667,19418,0.0499333333333333,9224,0.0978333333333333,1069,0.1488,1069,0.247933333333333,6166,0.0559333333333333,6166,0.172666666666667,1069,0.110633333333333,1069,0.272366666666667,5147,0.0475,39806,0.135966666666667,50,0.490266666666667,2088,0.104133333333333,29612,0.0639333333333333,50,0.293433333333333,1069,0.115366666666667,1000,0.0364666666666667,1000,0.284666666666667
"Purple Martin",47961,0.0619333333333333,50000,0.0591666666666667,50000,0.0576,50,0.4026,29612,0.0667666666666667,1069,0.0853333333333333,35728,0.0449333333333333,1069,0.0609333333333333,50,0.2317,3108,0.340066666666667,50,0.148933333333333,2088,0.101366666666667,35728,0.0888666666666667,1069,0.714966666666667,50,0.171266666666667,50,0.0531666666666667,50,0.1853,1069,0.897966666666667,50000,0.0388,50000,0.0846
"Pygmy Nuthatch",39806,0.109433333333333,50,0.0815666666666667,25535,0.0702,50000,0.0788666666666667,1069,0.630466666666667,50000,0.0721333333333333,50,0.0837,50,0.0716666666666667,50000,0.162266666666667,21457,0.0469333333333333,50000,0.0871,50,0.105233333333333,50000,0.152666666666667,1069,0.160433333333333,33690,0.0565333333333333,50,0.2004,1069,0.400433333333333,17380,0.0837666666666667,1000,0.0402666666666667,4000,0.183366666666667
"Pyrrhuloxia",3108,0.0454666666666667,50,0.0478,1069,0.0871333333333333,31651,0.0476333333333333,21457,0.0455333333333333,11263,0.0528666666666667,1069,0.938833333333333,19418,0.0696333333333333,4128,0.162166666666667,50000,0.0615666666666667,7185,0.0402666666666667,50,0.0757333333333333,50,0.0394666666666667,50000,0.126,6166,0.0564,3108,0.0448333333333333,8205,0.0704666666666667,3108,0.103033333333333,6000,0.0525,50000,0.0443
"Red-bellied Woodpecker",1069,0.8007,50,0.99,50,0.551366666666667,1069,0.99,45922,0.0981333333333333,50000,0.0739666666666667,50000,0.104466666666667,50000,0.113066666666667,3108,0.230966666666667,31651,0.0952333333333333,2088,0.4368,50,0.8847,2088,0.109766666666667,2088,0.314633333333333,1069,0.442066666666667,2088,0.1274,1069,0.115066666666667,1069,0.7491,48000,0.0411333333333333,2000,0.235733333333333
"Red-breasted Nuthatch",3108,0.133466666666667,50,0.9995,3108,0.1054,1069,0.126866666666667,50,0.735833333333333,50,0.125433333333333,2088,0.104,1069,0.752166666666667,50,0.829166666666667,2088,0.584166666666667,2088,0.119266666666667,1069,0.819933333333333,41845,0.123933333333333,35728,0.115966666666667,50000,0.1095,50000,0.2047,50000,0.438866666666667,1069,0.2592,2000,0.0761333333333333,1000,0.651533333333333
"Red-breasted Sapsucker",50000,0.0549666666666667,1069,0.0868,50,0.0635666666666667,45922,0.0848333333333333,50000,0.0768666666666667,1069,0.0605333333333333,7185,0.0460333333333333,47961,0.0747333333333333,6166,0.0957,10244,0.0414,47961,0.0416,11263,0.0606333333333333,2088,0.0689333333333333,3108,0.1305,17380,0.0722333333333333,3108,0.0845,3108,0.0812666666666667,2088,0.116,3000,0.048,30000,0.0554666666666667
"Red-eyed Vireo",2088,0.4481,50000,0.467033333333333,17380,0.1162,1069,0.99,4128,0.1655,1069,0.9456,50,0.119466666666667,50,0.7207,50,0.99,1069,0.155,3108,0.5784,50,0.984,33690,0.0768666666666667,47961,0.0793,50000,0.086,50,0.849433333333333,1069,0.0610333333333333,2088,0.177866666666667,1000,0.225133333333333,1000,0.568866666666667
"Red-headed Woodpecker",35728,0.107166666666667,17380,0.0636666666666667,1069,0.0890666666666667,1069,0.0517333333333333,13302,0.101166666666667,3108,0.0487333333333333,37767,0.0535,25535,0.0469333333333333,50,0.161866666666667,50000,0.119533333333333,5147,0.0896,19418,0.0714666666666667,1069,0.112233333333333,1069,0.1766,50000,0.0556666666666667,50000,0.0368333333333333,1069,0.594266666666667,1069,0.150766666666667,32000,0.0348,11000,0.0406666666666667
"Red-naped Sapsucker",37767,0.0459,41845,0.0542,50000,0.0406,1069,0.0767333333333333,9224,0.105733333333333,6166,0.0596666666666667,50,0.0561,39806,0.0685,11263,0.0432333333333333,47961,0.0539666666666667,50,0.312233333333333,31651,0.0376,50,0.051,7185,0.0500666666666667,23496,0.0427,50,0.0396333333333333,10244,0.0423,13302,0.0650333333333333,1000,0.0657,28000,0.0433666666666667
"Red-shouldered Hawk",6166,0.163733333333333,1069,0.5574,1069,0.408033333333333,50,0.5033,8205,0.0921333333333333,50000,0.0814,50000,0.0499,2088,0.3172,50000,0.114466666666667,7185,0.137,50,0.798266666666667,50,0.380666666666667,1069,0.279666666666667,1069,0.0516666666666667,8205,0.1115,4128,0.0646333333333333,1069,0.0689666666666667,1069,0.451733333333333,50000,0.0896666666666667,50000,0.0960333333333333
"Red-tailed Hawk",41845,0.108833333333333,50,0.352866666666667,5147,0.0668666666666667,1069,0.0527666666666667,6166,0.0948,19418,0.0504,50,0.527966666666667,1069,0.385866666666667,50,0.120066666666667,1069,0.990766666666667,31651,0.0484,1069,0.738566666666667,4128,0.1393,4128,0.073,4128,0.0835333333333333,17380,0.0563666666666667,3108,0.0789,47961,0.0631333333333333,50000,0.0490666666666667,1000,0.0427666666666667
"Red-winged Blackbird",1069,0.9991,11263,0.1953,50,0.0524666666666667,50,0.99,37767,0.2102,50,0.99,1069,0.6666,2088,0.289033333333333,1069,0.99,1069,0.99,1069,0.987566666666667,1069,0.99,19418,0.190333333333333,50,0.99,45922,0.1426,2088,0.1394,1069,0.127233333333333,1069,0.812566666666667,50000,0.0794666666666667,50000,0.5438
"Red Crossbill",1069,0.0755666666666667,50,0.103133333333333,50000,0.119166666666667,45922,0.0557,1069,0.958733333333333,50000,0.0844666666666667,3108,0.0853666666666667,25535,0.0837333333333333,43883,0.0453666666666667,50000,0.0804666666666667,11263,0.0413,50,0.0465333333333333,3108,0.0405,50000,0.0518,35728,0.0838,50,0.144966666666667,3108,0.100466666666667,13302,0.0660333333333333,50000,0.0366666666666667,1000,0.2365
"Redhead",6166,0.0584333333333333,5147,0.0479666666666667,35728,0.0542666666666667,27574,0.045,11263,0.0381,45922,0.0553,50,0.0676,1069,0.0503666666666667,17380,0.0644666666666667,3108,0.0982333333333333,3108,0.0486333333333333,1069,0.740766666666667,23496,0.0377666666666667,50,0.7645,37767,0.0581333333333333,10244,0.0361,50,0.0659,50,0.1432,18000,0.0348333333333333,7000,0.0359333333333333
"Ring-billed Gull",3108,0.1277,50,0.687133333333333,50,0.914266666666667,1069,0.113166666666667,1069,0.364133333333333,23496,0.0727333333333333,4128,0.0685,7185,0.102733333333333,9224,0.122566666666667,50000,0.127466666666667,1069,0.123033333333333,50,0.444033333333333,39806,0.0667666666666667,23496,0.222466666666667,50,0.0736333333333333,47961,0.0487666666666667,1069,0.997733333333333,1069,0.476166666666667,2000,0.0341333333333333,50000,0.0668666666666667
"Ring-necked Pheasant",1069,0.846066666666667,10244,0.0954333333333333,50,0.0838333333333333,1069,0.156133333333333,1069,0.0735,50,0.0507,11263,0.0522333333333333,50,0.407533333333333,1069,0.2657,1069,0.202466666666667,41845,0.0559333333333333,1069,0.399233333333333,23496,0.0393333333333333,25535,0.0531,2088,0.101133333333333,2088,0.0726,7185,0.0459666666666667,1069,0.309466666666667,3000,0.0374,1000,0.0722333333333333
"Rock Pigeon",1069,0.9494,1069,0.8868,23496,0.0949666666666667,50,0.999466666666667,1069,0.874666666666667,50,0.997766666666667,1069,0.280433333333333,2088,0.124233333333333,1069,0.2199,1069,0.817566666666667,1069,0.156466666666667,50,0.0753666666666667,1069,0.450466666666667,1069,0.0849,1069,0.743666666666667,47961,0.05,13302,0.0638333333333333,50,0.1996,50000,0.041,8000,0.0657666666666667
"Rock Wren",3108,0.0867333333333333,10244,0.0378333333333333,6166,0.0954666666666667,2088,0.0483666666666667,33690,0.0803666666666667,50000,0.0511333333333333,1069,0.400233333333333,50,0.661666666666667,1069,0.160333333333333,21457,0.0586666666666667,5147,0.0625666666666667,45922,0.0849333333333333,50000,0.207933333333333,2088,0.178866666666667,50000,0.0399,2088,0.054,1069,0.0969,50,0.999566666666667,40000,0.0376333333333333,12000,0.0572666666666667
"Rose-breasted Grosbeak",19418,0.119766666666667,1069,0.919566666666667,50,0.154933333333333,1069,0.997466666666667,50000,0.138533333333333,50,0.0507,17380,0.0618666666666667,1069,0.1605,6166,0.134833333333333,5147,0.108266666666667,50000,0.225166666666667,50000,0.467866666666667,2088,0.1465,2088,0.342366666666667,50000,0.766566666666667,50,0.0544,2088,0.1953,50000,0.140633333333333,4000,0.0390666666666667,1000,0.410666666666667
"Roseate Spoonbill",50000,0.0523666666666667,7185,0.0499,4128,0.308166666666667,43883,0.0396666666666667,50,0.1382,1069,0.0718666666666667,4128,0.0732333333333333,50,0.728533333333333,31651,0.0620333333333333,5147,0.0793333333333333,4128,0.0475,3108,0.139133333333333,21457,0.0421666666666667,2088,0.101433333333333,50,0.152133333333333,1069,0.0583666666666667,50000,0.0545666666666667,47961,0.0384,2000,0.0342666666666667,11000,0.0442333333333333
"Royal Tern",2088,0.0510333333333333,50000,0.0510333333333333,1069,0.188166666666667,47961,0.0734,50,0.0651,25535,0.0440333333333333,50,0.0450666666666667,50,0.0596666666666667,11263,0.0836666666666667,50000,0.0564333333333333,43883,0.0505333333333333,11263,0.106833333333333,1069,0.6571,1069,0.0651333333333333,7185,0.0731666666666667,1069,0.0448333333333333,1069,0.6507,2088,0.1278,12000,0.0349333333333333,50000,0.0617666666666667
"Ruby-crowned Kinglet",35728,0.1082,37767,0.0764,15340,0.0772,29612,0.0563666666666667,50,0.855633333333333,33690,0.0508666666666667,3108,0.0910666666666667,31651,0.0714666666666667,2088,0.161166666666667,41845,0.0868,50000,0.128566666666667,1069,0.0616666666666667,13302,0.206066666666667,2088,0.0615666666666667,1069,0.0473333333333333,2088,0.1278,1069,0.2252,1069,0.0944666666666667,3000,0.0777333333333333,1000,0.377666666666667
"Ruby-throated Hummingbird",50,0.998366666666667,50,0.649666666666667,1069,0.852266666666667,50,0.999866666666667,3108,0.216466666666667,50,0.8839,4128,0.247733333333333,3108,0.0725,50,0.1794,1069,0.992366666666667,6166,0.1303,50,0.463933333333333,2088,0.170933333333333,50000,0.0541,6166,0.0978666666666667,13302,0.0816,5147,0.0964,5147,0.294833333333333,50000,0.0765666666666667,1000,0.243566666666667
"Ruddy Duck",1069,0.0576333333333333,50000,0.0445666666666667,1069,0.0687,7185,0.045,41845,0.0412333333333333,50000,0.0717,19418,0.0398666666666667,1069,0.0627666666666667,37767,0.0512666666666667,2088,0.0797666666666667,19418,0.0476,1069,0.5779,6166,0.0398,50,0.9993,27574,0.0554,43883,0.0345666666666667,1069,0.345433333333333,3108,0.069,32000,0.0336333333333333,5000,0.0347333333333333
"Ruffed Grouse",45922,0.0519333333333333,50000,0.0586,50000,0.0659333333333333,50,0.0847666666666667,11263,0.0428333333333333,50,0.2096,35728,0.0378666666666667,50000,0.0378,43883,0.0952666666666667,2088,0.0456333333333333,50000,0.0888666666666667,27574,0.0440666666666667,6166,0.04,1069,0.231566666666667,31651,0.053,4128,0.0368666666666667,4128,0.0611,50000,0.0478333333333333,1000,0.0467666666666667,20000,0.0369
"Rufous-crowned Sparrow",1069,0.1276,50000,0.0504666666666667,35728,0.0548333333333333,50,0.0907666666666667,37767,0.0447333333333333,47961,0.0436666666666667,1069,0.135833333333333,2088,0.0421333333333333,23496,0.0459666666666667,15340,0.0524333333333333,1069,0.0458333333333333,3108,0.0477666666666667,21457,0.0385666666666667,1069,0.1087,50000,0.0481,2088,0.0452,1069,0.131733333333333,1069,0.0972,8000,0.0518333333333333,2000,0.0819666666666667
"Rufous Hummingbird",8205,0.0528333333333333,4128,0.0650333333333333,19418,0.115333333333333,21457,0.0476,4128,0.3137,1069,0.3393,50,0.165033333333333,50000,0.0770333333333333,39806,0.1068,50,0.1018,45922,0.0588666666666667,35728,0.0537333333333333,41845,0.109433333333333,47961,0.0711333333333333,1069,0.0644333333333333,1069,0.0399,7185,0.248,43883,0.0656333333333333,18000,0.0494333333333333,50000,0.073
"Sage Thrasher",1069,0.122233333333333,2088,0.0419666666666667,50,0.0606333333333333,1069,0.0722666666666667,25535,0.0911,47961,0.230733333333333,4128,0.394766666666667,50,0.257766666666667,2088,0.3821,7185,0.100433333333333,4128,0.0838,1069,0.126166666666667,50,0.0432666666666667,43883,0.0431666666666667,19418,0.0541666666666667,50,0.103166666666667,8205,0.0691333333333333,1069,0.247933333333333,12000,0.0377333333333333,26000,0.0850666666666667
"Sagebrush Sparrow",35728,0.0551,37767,0.0398666666666667,19418,0.0545666666666667,21457,0.0374333333333333,15340,0.0537333333333333,23496,0.0532333333333333,1069,0.4057,1069,0.0688666666666667,13302,0.0473,25535,0.0480333333333333,1069,0.133866666666667,1069,0.0673333333333333,3108,0.0427666666666667,2088,0.0437,13302,0.0553666666666667,4128,0.0516333333333333,23496,0.0458333333333333,3108,0.0746,3000,0.0611333333333333,50000,0.0423666666666667
"Sandhill Crane",1069,0.904233333333333,1069,0.101633333333333,2088,0.0476666666666667,50,0.128766666666667,50,0.121866666666667,43883,0.0660666666666667,50,0.0367,2088,0.1147,47961,0.0743,1069,0.970633333333333,11263,0.1013,1069,0.997966666666667,41845,0.0426333333333333,50000,0.1203,25535,0.128133333333333,1069,0.0425333333333333,4128,0.0660333333333333,6166,0.138233333333333,16000,0.0342333333333333,50000,0.0888333333333333
"Savannah Sparrow",1069,0.956133333333333,23496,0.0496,27574,0.0576,50,0.9997,50,0.6344,50,0.742033333333333,5147,0.0975333333333333,6166,0.0929666666666667,50,0.733666666666667,50,0.969866666666667,50,0.6325,50000,0.150233333333333,3108,0.101633333333333,2088,0.286833333333333,50000,0.157866666666667,11263,0.0355666666666667,50000,0.105833333333333,1069,0.177,50000,0.0513,1000,0.0885333333333333
"Say's Phoebe",1069,0.151766666666667,2088,0.1504,11263,0.0516666666666667,6166,0.0607,50,0.283266666666667,10244,0.133766666666667,5147,0.111333333333333,1069,0.396633333333333,50,0.3243,10244,0.052,50,0.0665,50,0.0541666666666667,5147,0.0695666666666667,50000,0.0851333333333333,11263,0.0874,4128,0.0400333333333333,50000,0.0561333333333333,1069,0.0652333333333333,50000,0.0389333333333333,1000,0.159366666666667
"Scaled Quail",1069,0.0888666666666667,50,0.069,50000,0.182033333333333,33690,0.0596333333333333,50000,0.098,4128,0.0377666666666667,1069,0.0716,1069,0.387266666666667,7185,0.0385333333333333,1069,0.0567666666666667,5147,0.1005,2088,0.203,1069,0.0378,1069,0.0884666666666667,33690,0.0453666666666667,1069,0.0616333333333333,23496,0.114466666666667,2088,0.111466666666667,2000,0.0764333333333333,2000,0.0514
"Scarlet Tanager",1069,0.999266666666667,50,0.0872,50000,0.0850666666666667,1069,0.99,1069,0.436366666666667,1069,0.640766666666667,50000,0.0862,3108,0.1521,50,0.445933333333333,1069,0.0653333333333333,50000,0.102066666666667,6166,0.0477333333333333,19418,0.0438,50000,0.0631666666666667,50000,0.123866666666667,23496,0.0701,13302,0.101766666666667,50,0.527633333333333,7000,0.0611333333333333,5000,0.198133333333333
"Scissor-tailed Flycatcher",1069,0.741766666666667,4128,0.065,11263,0.0609,1069,0.0981666666666667,1069,0.191233333333333,50,0.2388,19418,0.0475666666666667,1069,0.0611333333333333,1069,0.0789333333333333,50000,0.0626,15340,0.0418666666666667,33690,0.0462666666666667,1069,0.0843,47961,0.0606333333333333,17380,0.0717666666666667,50000,0.0502333333333333,2088,0.183333333333333,13302,0.0701666666666667,48000,0.0373333333333333,1000,0.0588
"Snowy Egret",50,0.1269,15340,0.067,31651,0.0537333333333333,1069,0.1421,13302,0.0613666666666667,50,0.1694,50,0.131066666666667,3108,0.0497,23496,0.0650333333333333,35728,0.0569333333333333,47961,0.0579666666666667,1069,0.999866666666667,1069,0.861566666666667,2088,0.426366666666667,2088,0.1067,50,0.0645333333333333,6166,0.0882333333333333,1069,0.1581,5000,0.0385,24000,0.0392666666666667
"Song Sparrow",50,0.2019,50,0.254333333333333,13302,0.0742333333333333,8205,0.2634,33690,0.1264,50,0.997166666666667,2088,0.121333333333333,50000,0.283333333333333,50,0.99,50,0.99,50,0.9835,50,0.866133333333333,4128,0.146666666666667,50000,0.0847,1069,0.146933333333333,50,0.997866666666667,19418,0.0525666666666667,35728,0.0889,1000,0.247933333333333,50000,0.177666666666667
"Sora",4128,0.0974,50000,0.0599666666666667,50,0.0649666666666667,1069,0.0915,2088,0.0559,50000,0.0491,13302,0.0394666666666667,7185,0.0543333333333333,50000,0.0421333333333333,3108,0.0426,10244,0.0405666666666667,1069,0.589133333333333,4128,0.0356666666666667,17380,0.0552666666666667,4128,0.0383333333333333,1069,0.0344666666666667,50,0.049,1069,0.0385,11000,0.0384666666666667,1000,0.0423333333333333
"Spotted Sandpiper",50,0.9332,23496,0.0492333333333333,50,0.525733333333333,4128,0.125433333333333,50,0.416433333333333,5147,0.0451333333333333,5147,0.0657333333333333,1069,0.0520333333333333,8205,0.0574,50,0.949666666666667,9224,0.0409,50,0.817566666666667,10244,0.159633333333333,1069,0.9671,50,0.754933333333333,50,0.0785666666666667,50,0.2663,4128,0.140566666666667,50000,0.0489333333333333,1000,0.0682666666666667
"Spotted Towhee",19418,0.0845666666666667,1069,0.763233333333333,8205,0.0876333333333333,50000,0.0739333333333333,4128,0.6824,50000,0.126433333333333,50,0.1922,3108,0.159333333333333,27574,0.0425666666666667,31651,0.0710666666666667,50,0.629733333333333,11263,0.108166666666667,50000,0.1346,1069,0.0809666666666667,31651,0.0805333333333333,33690,0.0465,15340,0.131533333333333,1069,0.998266666666667,50000,0.0556333333333333,6000,0.168666666666667
"Steller's Jay",50,0.119966666666667,39806,0.112133333333333,1069,0.295766666666667,50000,0.0921,1069,0.977533333333333,4128,0.2103,29612,0.0543,50000,0.101833333333333,3108,0.0441,39806,0.1494,25535,0.1051,50,0.171933333333333,9224,0.141566666666667,2088,0.455033333333333,41845,0.0719,7185,0.0730666666666667,50,0.0902666666666667,50,0.484933333333333,50000,0.0426,3000,0.180266666666667
"Summer Tanager",1069,0.357433333333333,1069,0.165933333333333,50,0.0472666666666667,1069,0.854166666666667,1069,0.9785,50,0.758,1069,0.140966666666667,1069,0.0564,6166,0.119633333333333,1069,0.0616666666666667,1069,0.897133333333333,5147,0.0878,47961,0.0423333333333333,50,0.0715333333333333,2088,0.431533333333333,50,0.1583,5147,0.0595333333333333,6166,0.0774333333333333,38000,0.0452666666666667,50000,0.0696666666666667
"Swainson's Hawk",1069,0.1127,1069,0.127433333333333,21457,0.0516,3108,0.0495666666666667,4128,0.0701666666666667,8205,0.0480666666666667,2088,0.0680333333333333,5147,0.122366666666667,5147,0.0886333333333333,1069,0.452966666666667,31651,0.054,43883,0.0714333333333333,50000,0.0369,50000,0.0545,17380,0.0426666666666667,25535,0.0358,5147,0.0790666666666667,4128,0.270866666666667,50000,0.0418333333333333,5000,0.0441333333333333
"Swainson's Thrush",4128,0.136133333333333,1069,0.7211,8205,0.1082,50000,0.140066666666667,1069,0.495666666666667,1069,0.1167,23496,0.0570333333333333,50000,0.0579333333333333,31651,0.130333333333333,50,0.0815333333333333,8205,0.062,1069,0.492666666666667,3108,0.0936333333333333,1069,0.178066666666667,37767,0.1028,25535,0.0844333333333333,50,0.240633333333333,50000,0.159266666666667,50000,0.175866666666667,4000,0.126766666666667
"Swainson's Warbler",3108,0.0554,2088,0.0369666666666667,39806,0.0402333333333333,35728,0.0434,21457,0.0458333333333333,13302,0.0805333333333333,2088,0.0581333333333333,4128,0.0450666666666667,50,0.0594666666666667,50,0.0453666666666667,50,0.1307,23496,0.0464,50000,0.0408,6166,0.0419,39806,0.0722333333333333,50,0.0390666666666667,6166,0.0519333333333333,15340,0.0402666666666667,2000,0.0396666666666667,2000,0.0345666666666667
"Swallow-tailed Kite",50,0.0716333333333333,50,0.0595333333333333,6166,0.0584666666666667,47961,0.0363333333333333,50,0.0434666666666667,3108,0.0581666666666667,45922,0.0518333333333333,35728,0.0403333333333333,27574,0.0470333333333333,43883,0.0433333333333333,23496,0.0560333333333333,50000,0.0530666666666667,19418,0.0486666666666667,50,0.0784,50000,0.0788666666666667,50000,0.0348333333333333,13302,0.0418,4128,0.0414,48000,0.0442666666666667,4000,0.0385666666666667
"Swamp Sparrow",1069,0.8278,50000,0.0621,50000,0.227066666666667,1069,0.186033333333333,50000,0.0502333333333333,13302,0.0424333333333333,50000,0.0902,50000,0.0605,50000,0.149366666666667,8205,0.0473333333333333,50,0.99,50,0.994733333333333,3108,0.0554666666666667,50,0.461966666666667,21457,0.0685666666666667,50,0.4967,1069,0.0716666666666667,50000,0.0595333333333333,1000,0.0540666666666667,50000,0.0421333333333333
"Townsend's Solitaire",50,0.0870333333333333,33690,0.0417,2088,0.0415666666666667,21457,0.0400666666666667,50,0.220666666666667,21457,0.0412666666666667,1069,0.0609666666666667,9224,0.0569333333333333,3108,0.0509333333333333,5147,0.0401666666666667,1069,0.0604,23496,0.0429,33690,0.0359333333333333,7185,0.0571,37767,0.0519666666666667,50,0.0474,50000,0.0575333333333333,50,0.220566666666667,42000,0.0440333333333333,6000,0.0734333333333333
"Townsend's Warbler",37767,0.0376333333333333,6166,0.0351,50000,0.148133333333333,2088,0.0461666666666667,1069,0.703966666666667,2088,0.0667,50000,0.0737,1069,0.0515333333333333,3108,0.0493,50000,0.0963666666666667,13302,0.0492666666666667,7185,0.0390333333333333,41845,0.267133333333333,8205,0.0572666666666667,6166,0.0418,50,0.0911333333333333,27574,0.0823666666666667,6166,0.100066666666667,3000,0.0672333333333333,2000,0.107533333333333
"Tree Swallow",1069,0.998566666666667,15340,0.139033333333333,8205,0.105766666666667,50,0.962166666666667,50,0.999833333333333,50,0.9787,50000,0.125766666666667,50000,0.154666666666667,50,0.864766666666667,50,0.5874,1069,0.46,1069,0.99,39806,0.0462333333333333,1069,0.928866666666667,50000,0.411933333333333,50,0.1221,13302,0.103133333333333,50,0.999966666666667,1000,0.0845333333333333,50000,0.256866666666667
"Tricolored Heron",43883,0.0619333333333333,11263,0.0466666666666667,25535,0.0779666666666667,50000,0.0486333333333333,7185,0.0537666666666667,50000,0.0521333333333333,47961,0.0499666666666667,47961,0.0414333333333333,21457,0.0503666666666667,1069,0.0757666666666667,47961,0.0432,1069,0.9758,2088,0.150366666666667,50,0.105966666666667,50,0.1833,50,0.0516333333333333,39806,0.061,33690,0.0465333333333333,10000,0.0348666666666667,40000,0.0382666666666667
"Trumpeter Swan",9224,0.0438,45922,0.0387,2088,0.0928,50,0.257366666666667,1069,0.0517333333333333,43883,0.0559333333333333,50,0.0498333333333333,10244,0.0404,29612,0.0375,1069,0.0818,50,0.0822333333333333,1069,0.3024,8205,0.0654333333333333,1069,0.585166666666667,13302,0.0861,19418,0.0345,1069,0.152033333333333,1069,0.126066666666667,5000,0.0348666666666667,32000,0.0357
"Tufted Titmouse",15340,0.114233333333333,1069,0.99,50,0.170966666666667,50,0.99,47961,0.111566666666667,50,0.99,13302,0.1015,50000,0.123633333333333,1069,0.978466666666667,1069,0.7417,50,0.717966666666667,1069,0.6986,2088,0.2646,2088,0.0674333333333333,41845,0.0883,50000,0.184033333333333,50000,0.110866666666667,8205,0.1678,1000,0.0571333333333333,50000,0.153066666666667
"Turkey Vulture",9224,0.137366666666667,13302,0.189466666666667,9224,0.1412,50,0.7975,50,0.393366666666667,50000,0.126566666666667,50,0.0714,3108,0.0921333333333333,1069,0.102766666666667,3108,0.623166666666667,50000,0.0756,50000,0.0802333333333333,29612,0.0623666666666667,50,0.604066666666667,23496,0.1584,1069,0.165833333333333,50,0.3157,50000,0.141966666666667,32000,0.0350333333333333,2000,0.124433333333333
"Upland Sandpiper",1069,0.300666666666667,29612,0.0416333333333333,11263,0.103466666666667,1069,0.223033333333333,1069,0.0682666666666667,1069,0.112633333333333,2088,0.126,3108,0.109233333333333,7185,0.0607333333333333,2088,0.277566666666667,1069,0.0512666666666667,8205,0.0849333333333333,41845,0.0931333333333333,33690,0.0455333333333333,41845,0.0435666666666667,41845,0.0509,1069,0.0923666666666667,2088,0.0608,2000,0.0356333333333333,1000,0.0455
"Varied Thrush",50000,0.0495666666666667,39806,0.0395,15340,0.252666666666667,41845,0.0569666666666667,1069,0.6316,19418,0.0485,15340,0.0629,3108,0.0620333333333333,50000,0.0792,9224,0.042,33690,0.0405333333333333,1069,0.0562666666666667,50000,0.0454333333333333,5147,0.0431333333333333,8205,0.0460666666666667,25535,0.0413333333333333,3108,0.0414666666666667,2088,0.116333333333333,1000,0.1096,1000,0.165133333333333
"Vaux's Swift",41845,0.0389666666666667,4128,0.0521,6166,0.0429,25535,0.0534333333333333,31651,0.0743666666666667,37767,0.0625333333333333,50,0.0438666666666667,19418,0.0443666666666667,27574,0.0435333333333333,31651,0.043,4128,0.0515666666666667,3108,0.238066666666667,41845,0.0567333333333333,50000,0.1104,47961,0.059,50,0.0587,50,0.0532333333333333,50,0.0725666666666667,42000,0.0358333333333333,50000,0.0453333333333333
"Veery",4128,0.145533333333333,7185,0.0699666666666667,4128,0.101166666666667,1069,0.998366666666667,50,0.0684666666666667,1069,0.992133333333333,2088,0.256733333333333,15340,0.047,50000,0.151633333333333,1069,0.0910333333333333,1069,0.99,7185,0.105766666666667,10244,0.0589666666666667,21457,0.0695,50000,0.0623333333333333,50,0.0568333333333333,7185,0.184,50000,0.1044,48000,0.0452666666666667,1000,0.254966666666667
"Verdin",45922,0.106466666666667,25535,0.132333333333333,50000,0.0838,50000,0.0443,7185,0.0685666666666667,50,0.0471333333333333,50,0.347133333333333,50,0.135266666666667,50000,0.0455,19418,0.0587,17380,0.0534666666666667,45922,0.0631333333333333,11263,0.0575,13302,0.1057,7185,0.0582666666666667,3108,0.0446333333333333,45922,0.0558666666666667,50000,0.128266666666667,11000,0.0397333333333333,1000,0.0611666666666667
"Vermilion Flycatcher",50,0.0507666666666667,21457,0.0395666666666667,37767,0.0434333333333333,45922,0.0385333333333333,6166,0.0544333333333333,23496,0.041,2088,0.0880666666666667,17380,0.069,35728,0.0369333333333333,47961,0.0886333333333333,6166,0.0504,3108,0.130466666666667,50000,0.0364,50,0.0448,37767,0.0740666666666667,4128,0.0826333333333333,13302,0.0441,50,0.0884666666666667,2000,0.0402333333333333,1000,0.0483333333333333
"Violet-green Swallow",2088,0.2264,17380,0.0580666666666667,11263,0.0912666666666667,50,0.158133333333333,4128,0.2141,50000,0.196966666666667,50,0.410666666666667,5147,0.0410666666666667,23496,0.171933333333333,4128,0.2238,50,0.2641,19418,0.0843,41845,0.100866666666667,47961,0.136033333333333,41845,0.1024,8205,0.0814333333333333,50,0.870366666666667,27574,0.0933333333333333,44000,0.0618333333333333,2000,0.219166666666667
"Virginia's Warbler",1069,0.0549,39806,0.0428,19418,0.0485333333333333,13302,0.0860666666666667,1069,0.4471,50000,0.0468333333333333,6166,0.0928,11263,0.0723666666666667,50000,0.0563666666666667,1069,0.0355666666666667,15340,0.0487,7185,0.0432666666666667,50,0.0503333333333333,50000,0.0397666666666667,19418,0.0434333333333333,1069,0.0838666666666667,50000,0.1428,1069,0.0785333333333333,1000,0.0943666666666667,1000,0.0601333333333333
"Virginia Rail",4128,0.0794333333333333,50,0.0505666666666667,50,0.0433666666666667,3108,0.0371,3108,0.039,50,0.0368666666666667,1069,0.0441333333333333,50000,0.0489333333333333,50,0.0679333333333333,7185,0.0825333333333333,50,0.891766666666667,50,0.970433333333333,1069,0.0534666666666667,1069,0.059,47961,0.0416333333333333,1069,0.0349,2088,0.0794333333333333,1069,0.0515333333333333,34000,0.0341333333333333,3000,0.0431333333333333
"Warbling Vireo",1069,0.995533333333333,50,0.695933333333333,8205,0.0745,50000,0.142733333333333,3108,0.2274,23496,0.0818,50,0.0701333333333333,1069,0.1686,4128,0.0639,1069,0.678633333333333,45922,0.114766666666667,1069,0.898666666666667,45922,0.109766666666667,1069,0.781966666666667,1069,0.967766666666667,5147,0.144333333333333,50000,0.179766666666667,2088,0.2884,1000,0.207833333333333,5000,0.0968666666666667
"Western Bluebird",50,0.265466666666667,50,0.146766666666667,50,0.0794666666666667,50,0.0902,1069,0.4823,1069,0.0461666666666667,2088,0.0850666666666667,50,0.7965,50000,0.0614333333333333,7185,0.0777,39806,0.0636666666666667,17380,0.0668333333333333,9224,0.0714333333333333,3108,0.2399,2088,0.0559333333333333,50,0.174366666666667,2088,0.0929666666666667,50,0.234933333333333,48000,0.0425333333333333,5000,0.102466666666667
"Western Flycatcher",50000,0.184933333333333,1069,0.530233333333333,6166,0.0995333333333333,6166,0.1005,50,0.9291,23496,0.119266666666667,39806,0.0631,50,0.1904,27574,0.1536,5147,0.0686,7185,0.0667666666666667,15340,0.0556,47961,0.064,11263,0.121333333333333,50,0.148633333333333,1069,0.0550666666666667,3108,0.138,1069,0.612566666666667,3000,0.181,1000,0.223166666666667
"Western Grebe",1069,0.104866666666667,13302,0.0445,3108,0.119966666666667,1069,0.0554333333333333,1069,0.0806666666666667,50000,0.0426,31651,0.0437,50000,0.128666666666667,11263,0.0756,3108,0.0720666666666667,50,0.104733333333333,2088,0.0768333333333333,1069,0.950733333333333,1069,0.99,6166,0.0771666666666667,50000,0.0358333333333333,5147,0.0625,50,0.164666666666667,48000,0.0464,50000,0.0457333333333333
"Western Gull",4128,0.0741,1069,0.0717333333333333,1069,0.1915,15340,0.0589333333333333,3108,0.102866666666667,3108,0.0759333333333333,3108,0.0502333333333333,50,0.126466666666667,29612,0.0611,1069,0.0843333333333333,25535,0.0663666666666667,19418,0.0662,1069,0.7787,33690,0.0843,2088,0.114133333333333,37767,0.0911333333333333,1069,0.250933333333333,1069,0.0685666666666667,1000,0.0499666666666667,6000,0.0451333333333333
"Western Kingbird",43883,0.1179,50,0.2438,10244,0.0496333333333333,50,0.2401,1069,0.669833333333333,4128,0.0869,1069,0.9014,2088,0.0655666666666667,11263,0.0449666666666667,3108,0.416233333333333,1069,0.104033333333333,50,0.0696333333333333,47961,0.05,50,0.166666666666667,31651,0.0726333333333333,50,0.0519,50,0.219566666666667,50,0.178266666666667,22000,0.0390666666666667,1000,0.3596
"Western Meadowlark",1069,0.997766666666667,31651,0.0885666666666667,50000,0.1094,1069,0.719666666666667,1069,0.535,5147,0.148033333333333,1069,0.955233333333333,1069,0.987133333333333,50000,0.0783,2088,0.6186,2088,0.199333333333333,5147,0.177733333333333,39806,0.0565,21457,0.0653333333333333,2088,0.233066666666667,50,0.403966666666667,15340,0.0476666666666667,1069,0.769033333333333,20000,0.0414666666666667,1000,0.133066666666667
"Western Tanager",50,0.232533333333333,50000,0.0455666666666667,4128,0.0658,1069,0.1462,1069,0.941,1069,0.6632,15340,0.0531666666666667,33690,0.0786666666666667,50,0.136333333333333,2088,0.191266666666667,23496,0.163666666666667,4128,0.104733333333333,25535,0.121366666666667,7185,0.0891333333333333,50000,0.0868,50000,0.116066666666667,47961,0.106766666666667,1069,0.224266666666667,50000,0.148966666666667,9000,0.0647
"Western Wood-Pewee",2088,0.156866666666667,50,0.387,4128,0.0573,50000,0.111566666666667,1069,0.975733333333333,7185,0.0740666666666667,33690,0.0722666666666667,9224,0.0463333333333333,2088,0.220033333333333,43883,0.0560333333333333,1069,0.931566666666667,25535,0.1325,4128,0.0536333333333333,50000,0.0570666666666667,50,0.09,50000,0.0485,50000,0.206866666666667,1069,0.260266666666667,50000,0.0945333333333333,4000,0.2144
"White-breasted Nuthatch",5147,0.175566666666667,1069,0.963966666666667,50,0.690666666666667,50,0.99,50,0.6727,50,0.9806,1069,0.1896,3108,0.2107,1069,0.856966666666667,50,0.902666666666667,11263,0.169,50,0.1439,1069,0.169366666666667,2088,0.139033333333333,50,0.3885,2088,0.0781,19418,0.1244,1069,0.435033333333333,1000,0.0434333333333333,6000,0.2279
"White-crowned Sparrow",15340,0.0491,27574,0.0419333333333333,15340,0.1133,23496,0.0480666666666667,1069,0.4197,50,0.265833333333333,50,0.0694666666666667,43883,0.0541,1069,0.7763,13302,0.0488666666666667,2088,0.162266666666667,4128,0.2026,47961,0.148466666666667,15340,0.0757,25535,0.0764666666666667,1069,0.144,1069,0.1223,50,0.0504333333333333,1000,0.0545,20000,0.122266666666667
"White-eyed Vireo",25535,0.187,50000,0.0609333333333333,17380,0.105,1069,0.232033333333333,3108,0.2835,1069,0.734333333333333,2088,0.208866666666667,15340,0.0608666666666667,45922,0.0587333333333333,2088,0.0715666666666667,1069,0.989233333333333,50000,0.0463333333333333,50,0.0421,5147,0.0954,1069,0.0823333333333333,50,0.107166666666667,10244,0.0425666666666667,2088,0.1098,48000,0.0345666666666667,50000,0.1053
"White-faced Ibis",1069,0.395633333333333,1069,0.0468333333333333,33690,0.0747666666666667,15340,0.0712666666666667,2088,0.0739333333333333,15340,0.0434666666666667,8205,0.0796666666666667,13302,0.0475333333333333,2088,0.0730666666666667,4128,0.187533333333333,31651,0.0417333333333333,4128,0.1714,50000,0.0728,1069,0.104833333333333,50000,0.0493666666666667,1069,0.0408333333333333,50000,0.0522333333333333,3108,0.1283,50000,0.0410666666666667,5000,0.0379
"White-headed Woodpecker",39806,0.0437,25535,0.0468666666666667,3108,0.0448,4128,0.0424333333333333,2088,0.178166666666667,50000,0.0620333333333333,45922,0.0741,1069,0.0463,1069,0.0528333333333333,2088,0.0425666666666667,3108,0.0419,13302,0.0543333333333333,23496,0.0345,33690,0.2199,19418,0.046,11263,0.0434,50000,0.0922,50,0.140366666666667,4000,0.0371333333333333,4000,0.0493333333333333
"White-throated Sparrow",50000,0.3757,1069,0.1259,5147,0.0922666666666667,4128,0.0519,1069,0.0851333333333333,15340,0.0782,2088,0.146166666666667,37767,0.0516,9224,0.233466666666667,50,0.0503666666666667,1069,0.998466666666667,21457,0.0524666666666667,33690,0.0710333333333333,50,0.2599,1069,0.0739,4128,0.138233333333333,11263,0.0945,50000,0.197433333333333,8000,0.0431,1000,0.884466666666667
"White-throated Swift",1069,0.0759,15340,0.0494666666666667,21457,0.0456333333333333,1069,0.100266666666667,1069,0.0636,15340,0.0904,5147,0.1165,50000,0.0487666666666667,50000,0.0539666666666667,50,0.0523333333333333,7185,0.0448333333333333,25535,0.0831333333333333,3108,0.0452666666666667,41845,0.0606,50000,0.0491666666666667,50,0.0422666666666667,50000,0.0488666666666667,1069,0.552966666666667,50000,0.0369333333333333,22000,0.0443333333333333
"White-winged Dove",1069,0.873666666666667,3108,0.0883333333333333,50000,0.109433333333333,47961,0.103233333333333,35728,0.0617,7185,0.0828,50000,0.0953,1069,0.220466666666667,50,0.961033333333333,50000,0.0810666666666667,43883,0.0652666666666667,23496,0.0495666666666667,11263,0.131033333333333,45922,0.201966666666667,45922,0.109766666666667,50000,0.0465333333333333,47961,0.0766333333333333,4128,0.152433333333333,50000,0.100966666666667,50000,0.179933333333333
"White Ibis",47961,0.0898666666666667,50000,0.103633333333333,39806,0.0896666666666667,1069,0.0502,1069,0.0862,47961,0.0407,4128,0.0868666666666667,9224,0.0779333333333333,33690,0.0651333333333333,50,0.2973,10244,0.0432333333333333,50,0.998766666666667,10244,0.107,2088,0.127,21457,0.108633333333333,50,0.160233333333333,11263,0.0633666666666667,35728,0.0461,44000,0.0443666666666667,46000,0.0491
"Wild Turkey",1069,0.287433333333333,1069,0.460966666666667,37767,0.0682,1069,0.980566666666667,5147,0.114666666666667,3108,0.0716666666666667,1069,0.0424333333333333,1069,0.0934333333333333,50000,0.0714,50,0.414466666666667,1069,0.537266666666667,45922,0.0590666666666667,6166,0.0829666666666667,1069,0.4497,50,0.0679,50000,0.0407666666666667,1069,0.1105,50,0.3343,50000,0.0359333333333333,11000,0.0667333333333333
"Willet",21457,0.0833666666666667,43883,0.0485,1069,0.0906,47961,0.0492333333333333,7185,0.152966666666667,1069,0.0489333333333333,50,0.1437,50000,0.0492,50,0.0977666666666667,8205,0.0393666666666667,1069,0.0509333333333333,1069,0.5334,1069,0.856166666666667,7185,0.100666666666667,33690,0.0611666666666667,21457,0.0362,1069,0.2061,7185,0.0703333333333333,11000,0.0356,4000,0.0373666666666667
"Willow Flycatcher",1069,0.864933333333333,50,0.0636333333333333,13302,0.0574,50,0.728633333333333,50000,0.107033333333333,13302,0.107233333333333,2088,0.0962666666666667,50,0.1037,1069,0.573533333333333,1069,0.158433333333333,50,0.9977,50,0.9882,1069,0.105933333333333,9224,0.0498,50000,0.171566666666667,50,0.324,25535,0.0472666666666667,4128,0.125333333333333,50000,0.0439666666666667,50000,0.114033333333333
"Wilson's Phalarope",1069,0.121066666666667,13302,0.0364666666666667,50,0.0416666666666667,10244,0.0581666666666667,1069,0.0672,31651,0.0386,50,0.0404333333333333,29612,0.0624,11263,0.0457,1069,0.203966666666667,1069,0.198933333333333,1069,0.0874333333333333,1069,0.0716,50,0.2698,50000,0.0602333333333333,9224,0.0366333333333333,2088,0.0610333333333333,5147,0.0858666666666667,40000,0.0395666666666667,3000,0.0397333333333333
"Wilson's Snipe",2088,0.269666666666667,3108,0.0523333333333333,2088,0.0471,50,0.196633333333333,50,0.117733333333333,50000,0.111533333333333,5147,0.0377333333333333,7185,0.0559333333333333,1069,0.987966666666667,1069,0.0597666666666667,50,0.713566666666667,1069,0.998033333333333,25535,0.0394,50,0.112733333333333,3108,0.0945666666666667,50000,0.0458666666666667,50000,0.0474,50,0.390166666666667,3000,0.0364666666666667,26000,0.0411
"Wilson's Warbler",9224,0.0584,5147,0.237666666666667,13302,0.0558666666666667,1069,0.262533333333333,1069,0.193666666666667,50,0.0647,50000,0.0797666666666667,50,0.368366666666667,50000,0.1583,4128,0.0433333333333333,37767,0.0494,1069,0.0574333333333333,4128,0.0809666666666667,41845,0.0514666666666667,13302,0.0821666666666667,17380,0.0595666666666667,39806,0.102633333333333,45922,0.136733333333333,50000,0.0541666666666667,3000,0.1577
"Winter Wren",2088,0.126533333333333,23496,0.0457,5147,0.313333333333333,1069,0.0637,1069,0.454733333333333,1069,0.2564,50000,0.1989,3108,0.1075,50,0.444733333333333,3108,0.0392666666666667,50,0.4036,50,0.113166666666667,4128,0.1031,50,0.1765,15340,0.0546333333333333,1069,0.0816333333333333,50,0.0885666666666667,50,0.1261,12000,0.0402,1000,0.6485
"Wood Duck",1069,0.124633333333333,1069,0.0894666666666667,11263,0.0754666666666667,13302,0.0537333333333333,31651,0.0391,50,0.1989,1069,0.0598,1069,0.0403333333333333,2088,0.1402,1069,0.119166666666667,50,0.99,50,0.99,9224,0.105733333333333,50,0.937433333333333,50,0.265633333333333,50,0.351633333333333,1069,0.3056,2088,0.121,50000,0.0349,1000,0.0664333333333333
"Wood Stork",50000,0.0769333333333333,3108,0.0694666666666667,13302,0.0818666666666667,47961,0.0403333333333333,50,0.0509666666666667,17380,0.0394666666666667,50,0.0822666666666667,11263,0.0486,19418,0.0484333333333333,15340,0.0447666666666667,50,0.0566,50,0.526133333333333,2088,0.115833333333333,50000,0.2425,6166,0.0635666666666667,50,0.0750666666666667,35728,0.0521333333333333,9224,0.0455333333333333,16000,0.0348666666666667,46000,0.0349333333333333
"Wood Thrush",50,0.7914,1069,0.5685,50,0.0548333333333333,1069,0.99,50,0.229766666666667,1069,0.475466666666667,2088,0.175933333333333,50,0.3427,4128,0.0883333333333333,50000,0.0865666666666667,50,0.129433333333333,4128,0.0964,50000,0.0523333333333333,2088,0.130566666666667,50,0.0807333333333333,21457,0.0548666666666667,3108,0.091,50,0.253,50000,0.0515,9000,0.112466666666667
"Worm-eating Warbler",50,0.142033333333333,39806,0.0679,7185,0.107833333333333,1069,0.401866666666667,1069,0.1011,1069,0.243033333333333,50,0.0415333333333333,13302,0.0547333333333333,1069,0.198733333333333,1069,0.160833333333333,50,0.975,50,0.0495,50000,0.0366333333333333,7185,0.0675,4128,0.0425666666666667,9224,0.0399333333333333,7185,0.0673,4128,0.0583,48000,0.0375666666666667,12000,0.0368666666666667
"Wrentit",4128,0.0494666666666667,1069,0.136233333333333,9224,0.0658333333333333,13302,0.226066666666667,50,0.0787333333333333,1069,0.219633333333333,1069,0.739933333333333,1069,0.1755,2088,0.0777333333333333,45922,0.0469,1069,0.2842,7185,0.131566666666667,4128,0.117,50000,0.0976,45922,0.0602666666666667,23496,0.0539,1069,0.0462333333333333,2088,0.379566666666667,50000,0.0500333333333333,6000,0.0425666666666667
"Yellow-bellied Sapsucker",2088,0.6733,15340,0.0611333333333333,47961,0.190833333333333,1069,0.616833333333333,47961,0.0996333333333333,1069,0.646166666666667,45922,0.0746666666666667,17380,0.0585333333333333,3108,0.114533333333333,50,0.0963666666666667,1069,0.6123,50,0.129366666666667,19418,0.0809,50000,0.0829,47961,0.219,50,0.0530666666666667,3108,0.142466666666667,2088,0.287466666666667,26000,0.0394,1000,0.238233333333333
"Yellow-billed Cuckoo",1069,0.957133333333333,9224,0.0772,7185,0.0464666666666667,50,0.6137,8205,0.0869,2088,0.185633333333333,2088,0.176733333333333,47961,0.0951333333333333,50000,0.225233333333333,3108,0.0837333333333333,50,0.776633333333333,50000,0.1691,1069,0.1371,50000,0.2799,50000,0.1018,50,0.354333333333333,39806,0.0673666666666667,5147,0.0410333333333333,50000,0.0435,50000,0.126366666666667
"Yellow-breasted Chat",2088,0.4614,47961,0.0915,29612,0.0787666666666667,50,0.0743333333333333,3108,0.4334,8205,0.0963666666666667,1069,0.9874,1069,0.0712666666666667,50,0.936833333333333,2088,0.1378,50,0.9973,50,0.2804,5147,0.110366666666667,1069,0.1587,3108,0.0523333333333333,50,0.255833333333333,50000,0.0753,29612,0.0385,50000,0.0429333333333333,1000,0.251766666666667
"Yellow-crowned Night Heron",47961,0.0402666666666667,4128,0.0818666666666667,15340,0.0666,45922,0.0510333333333333,11263,0.0699666666666667,50,0.0437666666666667,10244,0.0779333333333333,50,0.0468333333333333,43883,0.0426333333333333,27574,0.0427333333333333,3108,0.193333333333333,50,0.5468,50,0.1103,1069,0.0681333333333333,19418,0.126666666666667,50,0.0521,1069,0.0676,2088,0.0529,1000,0.0374333333333333,5000,0.0387
"Yellow-headed Blackbird",2088,0.413233333333333,50,0.101133333333333,50000,0.052,7185,0.1298,5147,0.111666666666667,10244,0.0818,47961,0.0392,4128,0.1291,50,0.1351,1069,0.510133333333333,50000,0.0912666666666667,1069,0.998633333333333,50,0.0529333333333333,50,0.999566666666667,50000,0.1789,50000,0.0546666666666667,50000,0.0835333333333333,8205,0.113533333333333,1000,0.0444333333333333,7000,0.0462
"Yellow-rumped Warbler",1069,0.841366666666667,50000,0.1256,50,0.0946333333333333,50,0.0548,1069,0.996233333333333,9224,0.0521666666666667,43883,0.122433333333333,1069,0.0588,1069,0.912466666666667,50,0.0655,1069,0.554733333333333,3108,0.133466666666667,15340,0.0582,23496,0.0574666666666667,4128,0.280766666666667,50000,0.113,47961,0.0859333333333333,29612,0.0970333333333333,50000,0.0470333333333333,1000,0.390533333333333
"Yellow-throated Vireo",1069,0.728933333333333,13302,0.1481,29612,0.0698666666666667,1069,0.984866666666667,3108,0.1455,50000,0.0989333333333333,43883,0.0481,50000,0.0649333333333333,1069,0.544333333333333,2088,0.455566666666667,39806,0.0903666666666667,21457,0.0642666666666667,9224,0.0642666666666667,1069,0.0688,50000,0.168333333333333,8205,0.0422,11263,0.0512,50,0.515033333333333,5000,0.0359,10000,0.0603
"Yellow-throated Warbler",7185,0.068,39806,0.0503333333333333,50,0.0537,47961,0.110166666666667,50,0.1229,31651,0.0507666666666667,50,0.0534333333333333,13302,0.0363333333333333,50,0.1558,1069,0.0458333333333333,1069,0.1508,50,0.063,3108,0.0437333333333333,3108,0.0481666666666667,4128,0.0432666666666667,1069,0.0418666666666667,50,0.125733333333333,50,0.0458333333333333,42000,0.0342333333333333,50000,0.0450666666666667
"Yellow Warbler",1069,0.976766666666667,50,0.3725,50,0.0914333333333333,31651,0.0803333333333333,1069,0.5186,21457,0.1441,2088,0.328866666666667,10244,0.0635,3108,0.235633333333333,1069,0.847433333333333,50,0.967266666666667,50,0.861966666666667,15340,0.0539666666666667,50000,0.0768333333333333,50,0.502266666666667,50,0.611533333333333,5147,0.0537333333333333,4128,0.0865666666666667,1000,0.0444333333333333,50000,0.385666666666667
